SEX,AGE,GEN,PRE,ARE,JOB,MAR,CHI,q1s1,q1s2,q1s3,q1s4,q1s5,q1s6,q1s7,q1s8,q1s9,q1s10,q1s11,q1s12,q2s1c1,q2s1c2,q2s1c3,q2s1c4,q2s1c5,q2s2c1,q2s2c2,q2s2c3,q2s2c4,q2s2c5,q2s3c1,q2s3c2,q2s3c3,q2s3c4,q2s3c5,q2s4c1,q2s4c2,q2s4c3,q2s4c4,q2s4c5,q2s5c1,q2s5c2,q2s5c3,q2s5c4,q2s5c5,q2s6c1,q2s6c2,q2s6c3,q2s6c4,q2s6c5,q2s7c1,q2s7c2,q2s7c3,q2s7c4,q2s7c5,q2s8c1,q2s8c2,q2s8c3,q2s8c4,q2s8c5,q2s9c1,q2s9c2,q2s9c3,q2s9c4,q2s9c5,q2s10c1,q2s10c2,q2s10c3,q2s10c4,q2s10c5,q2s11c1,q2s11c2,q2s11c3,q2s11c4,q2s11c5,q2s12c1,q2s12c2,q2s12c3,q2s12c4,q2s12c5,q2s13c1,q2s13c2,q2s13c3,q2s13c4,q2s13c5,q3,q4,q5,q6s1,q6s2,q6s3,q6s4,q6s5,q6s6,q6s7,q7s1,q7s2,q7s3,q7s4,q7s5,q7s6,q7s7,q7s8,q7s9,q8c1,q8c2,q8c3,q8c4,q8c5,q8c6
1,57,6,14,3,2,2,2,4,4,4,4,4,2,4,4,4,4,4,4,1,0,0,0,0,0,1,0,0,0,0,0,0,0,1,0,0,0,0,1,0,0,0,0,1,1,0,0,0,0,1,0,0,0,0,0,1,0,0,0,1,1,0,0,0,1,0,0,0,0,1,0,0,0,0,1,0,0,0,0,0,0,0,0,1,2,2,1,2,2,3,2,2,1,2,1,1,2,2,1,1,1,2,1,0,0,1,0,0,0
1,50,6,15,4,6,2,1,3,4,3,4,4,4,4,4,4,4,4,4,0,0,0,0,1,0,0,0,0,1,0,0,0,0,1,0,0,0,0,1,0,0,0,0,1,0,0,0,0,1,0,0,0,0,1,0,0,0,0,1,0,0,0,0,1,0,0,0,0,1,0,0,0,0,1,0,0,0,0,1,0,0,0,0,1,9,3,9,2,2,2,2,2,2,2,5,5,5,5,5,5,5,5,5,1,0,0,0,0,0
2,44,5,27,5,8,2,1,4,4,4,4,4,3,4,4,4,3,4,4,0,0,0,0,1,0,0,0,0,1,0,0,0,0,1,0,0,0,0,1,0,0,0,0,1,0,0,0,0,1,0,0,0,0,1,0,0,0,0,1,0,0,0,0,1,0,0,0,0,1,0,0,0,0,1,0,0,0,0,1,0,0,0,0,1,9,1,1,3,2,3,3,2,3,3,2,2,2,3,3,3,3,3,2,1,0,0,0,0,0
2,45,5,28,5,5,2,2,4,4,4,3,4,4,4,4,4,4,4,4,0,0,0,0,1,0,0,0,0,1,0,0,0,0,1,0,0,0,0,1,0,0,0,0,1,0,0,0,0,1,0,0,0,0,1,0,0,0,0,1,0,0,0,0,1,0,0,0,0,1,0,0,0,0,1,0,0,0,0,1,0,0,0,0,1,1,1,1,5,5,5,4,4,5,5,5,5,4,4,5,5,5,4,4,1,0,0,0,0,0
2,53,6,23,4,8,2,1,4,4,3,4,4,4,4,4,4,3,4,4,0,0,0,0,1,0,0,0,0,1,0,0,0,0,1,0,0,0,0,1,0,0,0,0,1,0,0,0,0,1,0,0,0,0,1,0,0,0,0,1,0,0,0,0,1,0,0,0,0,1,0,0,0,0,1,0,0,0,0,1,0,0,0,0,1,1,1,9,3,2,3,2,2,2,3,1,1,1,2,1,2,1,1,1,0,0,1,0,0,0
2,55,6,11,3,11,2,1,3,4,3,4,4,4,4,4,4,4,4,4,0,1,0,0,0,0,0,0,0,1,0,0,0,0,1,0,0,0,0,1,1,0,0,0,0,1,0,0,0,0,0,0,0,0,1,0,0,0,0,1,0,0,0,0,1,1,0,0,0,0,0,0,0,0,1,1,0,0,0,0,0,0,0,0,1,3,3,2,5,1,3,2,1,3,1,1,1,2,2,2,2,4,3,2,0,1,0,1,0,0
1,47,5,11,3,5,1,2,4,4,4,4,4,4,4,4,4,4,4,4,0,0,0,0,1,0,0,0,0,1,0,0,0,0,1,0,0,0,0,1,0,0,0,0,1,0,0,0,0,1,0,0,0,0,1,0,0,0,0,1,0,0,0,0,1,0,0,0,0,1,0,0,0,0,1,0,0,0,0,1,0,0,0,0,1,3,3,1,5,5,5,5,5,2,5,2,2,1,2,2,2,2,2,2,0,0,0,0,1,0
2,44,5,12,3,9,1,2,4,4,4,4,4,4,4,4,4,4,4,4,0,0,0,0,1,0,0,0,0,1,0,0,0,0,1,0,0,0,0,1,0,0,0,0,1,0,0,0,0,1,0,0,0,0,1,0,0,0,0,1,0,0,0,0,1,0,0,0,0,1,0,0,0,0,1,0,0,0,0,1,0,0,0,0,1,9,8,9,3,2,2,3,2,3,1,1,1,1,1,3,2,3,3,3,1,1,1,0,1,0
2,55,6,27,5,3,1,2,4,4,4,4,3,1,4,4,4,4,4,4,0,0,0,0,1,0,0,0,0,1,0,0,0,0,1,0,0,0,0,1,0,0,0,0,1,0,0,0,0,1,0,0,0,0,1,0,0,0,0,1,0,0,0,0,1,0,0,0,0,1,0,0,0,0,1,0,0,0,0,1,0,0,0,0,1,1,1,1,3,3,3,3,3,3,3,3,3,3,3,3,3,3,3,3,0,0,1,0,0,0
1,44,5,8,3,5,1,2,4,4,4,4,4,4,4,4,4,4,4,4,0,0,0,0,1,0,0,0,0,1,0,0,0,0,1,0,0,0,0,1,0,0,0,0,1,0,0,0,0,1,0,0,0,0,1,0,0,0,0,1,0,0,0,0,1,0,0,0,0,1,0,0,0,0,1,0,0,0,0,1,0,0,0,0,1,4,3,9,1,1,3,1,1,1,1,1,1,3,1,3,3,3,3,3,1,0,0,0,0,0
2,51,6,1,1,7,2,2,4,4,4,4,3,4,4,4,4,4,4,4,0,0,1,0,0,0,0,0,0,1,0,0,0,0,1,0,0,0,0,1,1,0,0,0,0,0,0,0,0,1,0,0,0,0,1,0,0,0,0,1,0,0,0,0,1,0,0,0,0,1,0,0,0,0,1,0,0,0,0,1,0,0,0,0,1,3,3,2,4,1,4,2,1,3,3,2,3,2,3,2,3,3,3,3,0,0,1,0,0,0
1,51,6,20,4,6,2,1,4,4,4,4,3,4,4,4,4,4,3,4,1,0,0,0,0,0,0,0,0,1,0,0,0,0,1,1,0,0,0,0,1,0,0,0,0,1,0,0,0,0,0,0,0,0,1,0,0,0,0,1,0,0,0,0,1,0,0,0,0,1,0,0,0,0,1,0,0,0,0,1,0,0,0,0,1,2,2,1,2,2,3,3,2,2,2,3,3,3,3,3,3,2,3,3,0,0,1,0,1,0
1,57,6,14,3,6,2,2,4,4,4,4,4,4,4,4,4,4,4,4,0,0,0,0,1,0,0,0,0,1,0,0,0,0,1,0,0,0,0,1,0,0,0,0,1,0,0,0,0,1,0,0,0,0,1,0,0,0,0,1,0,0,0,0,1,0,0,0,0,1,0,0,0,0,1,0,0,0,0,1,0,0,0,0,1,1,1,1,5,1,5,5,5,5,5,3,3,3,3,3,3,3,3,3,1,0,0,0,1,0
1,44,5,30,5,5,2,1,4,4,4,4,4,4,4,4,4,4,4,4,0,0,0,0,1,0,0,0,0,1,0,0,0,0,1,0,0,0,0,1,0,0,0,0,1,0,0,0,0,1,0,0,0,0,1,0,0,0,0,1,0,0,0,0,1,0,0,0,0,1,0,0,0,0,1,0,0,0,0,1,0,0,0,0,1,1,1,1,3,3,3,3,3,2,3,3,3,2,3,3,3,3,3,3,1,0,0,0,0,0
2,45,5,13,3,3,1,2,4,4,4,4,4,4,4,4,4,4,4,4,0,0,0,0,1,0,0,0,0,1,0,0,0,0,1,0,0,0,0,1,0,0,0,0,1,0,0,0,0,1,0,0,0,0,1,0,0,0,0,1,0,0,0,0,1,0,0,0,0,1,0,0,0,0,1,0,0,0,0,1,0,0,0,0,1,1,1,9,5,5,5,5,5,5,5,1,3,2,3,2,3,3,3,3,1,0,0,0,0,0
1,49,5,27,5,11,1,2,4,4,4,4,4,4,4,4,4,4,4,4,0,0,0,0,1,0,0,0,0,1,0,0,0,0,1,0,0,0,0,1,0,0,0,0,1,0,0,0,0,1,0,0,0,0,1,0,0,0,0,1,0,0,0,0,1,0,0,0,0,1,0,0,0,0,1,0,0,0,0,1,0,0,0,0,1,1,1,9,5,5,5,5,5,5,5,1,1,1,1,1,1,1,1,1,1,0,0,0,0,0
1,53,6,24,5,6,2,2,4,4,4,3,4,4,4,4,4,4,4,4,1,0,0,0,0,1,0,0,0,0,0,0,0,0,1,0,0,0,0,1,1,0,0,0,0,1,0,0,0,0,0,0,0,0,1,1,0,0,0,0,1,0,0,0,0,1,0,0,0,0,0,0,0,0,1,0,0,0,0,1,0,0,0,0,1,5,5,1,4,2,3,4,2,2,3,2,3,4,2,2,2,2,3,2,0,0,0,0,1,0
1,44,5,22,4,4,1,2,3,4,3,4,3,4,4,3,4,4,4,4,1,0,0,0,0,0,0,0,0,1,1,0,1,0,0,0,0,1,0,0,0,0,0,0,1,0,0,0,0,1,0,0,0,0,1,1,0,0,0,0,0,0,0,0,1,0,0,0,0,1,0,0,0,0,1,0,0,0,0,1,0,0,0,0,1,1,4,3,3,2,2,3,2,3,2,3,3,2,1,2,2,3,3,3,0,0,1,0,0,0
2,41,5,14,3,8,2,2,4,4,4,4,3,4,3,4,4,4,4,4,0,0,0,0,1,0,0,0,0,1,0,0,0,0,1,0,0,0,0,1,0,0,0,0,1,0,0,0,0,1,0,0,0,0,1,0,0,0,0,1,0,0,0,0,1,0,0,0,0,1,0,0,0,0,1,0,0,0,0,1,0,0,0,0,1,1,1,1,2,2,5,3,2,5,2,1,1,4,2,1,2,1,3,1,1,0,0,0,0,0
2,53,6,11,3,8,2,2,4,4,4,4,4,4,4,4,4,4,3,4,0,0,0,0,1,0,0,0,0,1,0,0,0,0,1,0,0,0,0,1,0,0,0,0,1,0,0,0,0,1,0,0,0,0,1,0,0,0,0,1,0,0,0,0,1,0,0,0,0,1,0,0,0,0,1,0,0,0,0,1,0,0,0,0,1,3,1,1,5,2,2,5,5,5,5,2,2,2,2,2,2,2,2,2,1,0,0,0,0,0
2,49,5,12,3,8,2,1,3,4,4,4,3,3,3,4,4,3,4,4,0,1,0,0,0,0,0,0,0,1,0,1,0,0,0,0,0,0,0,1,0,0,0,0,1,0,0,0,0,1,0,0,0,0,1,0,0,0,0,1,0,0,0,0,1,0,0,0,0,1,0,0,0,0,1,0,0,0,0,1,0,0,0,0,1,3,1,1,5,2,5,2,2,3,2,1,1,1,3,1,1,1,1,1,0,1,1,0,0,0
2,41,5,17,4,8,2,1,4,4,4,4,4,4,4,4,4,4,4,4,0,0,0,0,1,0,0,0,0,1,0,0,0,0,1,0,0,0,0,1,0,0,0,0,1,0,0,0,0,1,0,0,0,0,1,0,0,0,0,1,0,0,0,0,1,0,0,0,0,1,0,0,0,0,1,0,0,0,0,1,0,0,0,0,1,9,8,9,5,5,5,5,1,5,5,1,5,5,5,5,5,5,5,5,1,0,0,0,0,0
1,55,6,44,8,11,1,1,3,4,3,4,4,4,4,4,4,4,4,4,0,0,0,0,1,0,0,0,0,1,0,0,0,0,1,0,0,0,0,1,0,0,0,0,1,1,0,0,0,0,0,0,0,0,1,0,0,0,0,1,0,0,0,0,1,0,0,0,0,1,0,0,0,0,1,0,0,0,0,1,0,0,0,0,1,3,3,2,4,2,4,2,2,1,2,2,2,2,1,2,3,3,3,1,0,1,0,0,0,0
2,51,6,28,5,8,2,1,4,4,4,4,4,4,4,4,4,4,4,4,0,0,0,0,1,0,0,0,0,1,0,0,0,0,1,0,0,0,0,1,0,0,0,0,1,0,0,0,0,1,0,0,0,0,1,0,0,0,0,1,0,0,0,0,1,0,0,0,0,1,0,0,0,0,1,0,0,0,0,1,0,0,0,0,1,1,1,9,5,3,5,5,5,5,5,1,1,2,3,2,3,3,3,1,0,1,0,0,0,0
1,47,5,27,5,9,1,2,4,4,4,4,4,4,4,4,4,4,4,4,0,0,0,0,1,0,0,0,0,1,0,0,0,0,1,0,0,0,0,1,0,0,0,0,1,0,0,0,0,1,0,0,0,0,1,0,0,0,0,1,0,0,0,0,1,0,0,0,0,1,0,0,0,0,1,0,0,0,0,1,0,0,0,0,1,9,8,9,5,5,5,5,5,5,5,1,1,1,1,1,3,1,1,3,0,0,0,0,1,0
1,40,5,1,1,3,1,2,4,4,4,4,4,4,4,4,4,4,4,4,1,0,0,0,0,0,1,0,0,0,1,0,0,0,0,0,0,1,0,0,1,0,0,0,0,1,0,0,0,0,0,0,0,0,1,1,0,0,0,0,1,0,0,0,0,1,0,0,0,0,1,0,0,0,0,1,0,0,0,0,0,0,0,0,1,3,3,1,3,2,3,2,1,2,2,1,1,1,2,2,2,1,1,1,0,1,1,0,0,0
2,46,5,26,5,5,1,2,4,4,4,4,4,4,4,4,4,4,4,4,0,0,0,0,1,0,0,0,0,1,0,0,0,0,1,0,0,0,0,1,0,0,0,0,1,0,0,0,0,1,0,0,0,0,1,0,0,0,0,1,0,0,0,0,1,0,0,0,0,1,0,0,0,0,1,0,0,0,0,1,0,0,0,0,1,1,1,1,3,2,3,3,2,3,3,2,2,3,2,3,2,2,3,3,0,1,0,0,0,0
2,54,6,30,5,8,2,1,4,4,4,4,4,3,4,4,4,4,4,4,0,0,0,0,1,0,0,0,0,1,0,0,0,0,1,0,0,0,0,1,0,0,0,0,1,0,0,0,0,1,0,0,0,0,1,0,0,0,0,1,0,0,0,0,1,0,0,0,0,1,0,0,0,0,1,0,0,0,0,1,0,0,0,0,1,2,1,1,5,1,3,2,1,1,3,2,3,2,2,3,3,3,3,3,1,0,0,0,0,0
2,58,6,23,4,8,2,1,4,4,4,4,4,2,3,4,3,3,4,4,0,0,0,0,1,0,0,0,0,1,0,0,0,0,1,0,0,0,0,1,0,0,0,0,1,0,0,0,1,0,0,0,0,1,0,0,0,0,0,1,0,0,0,0,1,0,0,0,0,1,0,0,0,0,1,0,0,0,0,1,0,0,0,0,1,3,1,2,5,3,2,2,1,1,2,3,3,4,3,3,3,2,3,2,0,0,0,1,0,0
1,58,6,21,4,6,2,1,4,4,4,4,4,4,4,4,4,4,4,4,0,0,0,0,1,0,0,0,0,1,0,0,0,0,1,0,0,0,0,1,0,0,0,0,1,0,0,0,0,1,0,0,0,0,1,0,0,0,0,1,0,0,0,0,1,0,0,0,0,1,0,0,0,0,1,0,0,0,0,1,0,0,0,0,1,9,1,9,5,5,5,5,5,5,5,5,4,2,5,5,5,5,3,4,0,0,1,0,0,0
2,52,6,26,5,8,2,1,4,4,4,4,4,4,4,4,4,3,4,4,0,0,0,0,1,0,0,0,0,1,0,0,0,0,1,0,0,0,0,1,0,0,0,0,1,0,0,0,0,1,0,0,0,0,1,0,0,0,0,1,0,0,0,0,1,0,0,0,0,1,0,0,0,0,1,0,0,0,0,1,0,0,0,0,1,1,1,2,5,2,2,2,2,2,2,2,3,4,3,3,1,3,3,1,1,0,0,0,0,0
1,48,5,1,1,11,1,2,4,4,4,4,4,4,3,4,4,4,4,4,0,0,0,0,1,0,0,0,0,1,0,0,1,0,0,0,0,1,0,0,0,0,0,0,1,0,0,0,0,1,0,0,1,0,0,0,0,1,0,0,0,0,1,0,0,1,0,0,0,0,0,0,0,0,1,0,0,0,0,1,0,0,0,0,1,4,4,1,2,1,5,5,5,5,3,1,1,5,1,1,2,2,1,2,0,1,0,0,0,0
2,42,5,37,7,8,2,1,4,4,4,4,4,4,4,4,4,4,4,4,0,0,0,0,1,0,0,0,0,1,0,0,0,0,1,0,0,0,0,1,0,0,0,0,1,0,0,0,0,1,0,0,0,0,1,0,0,0,0,1,0,0,0,0,1,0,0,0,0,1,0,0,0,0,1,0,0,0,0,1,0,0,0,0,1,3,3,1,4,4,4,4,4,3,4,2,2,2,3,2,3,4,2,2,1,1,1,0,0,0
2,56,6,1,1,9,2,1,4,4,4,4,4,4,4,4,4,4,4,4,0,0,0,0,1,0,0,0,0,1,0,0,0,0,1,0,0,0,0,1,0,0,0,0,1,0,0,0,0,1,0,0,0,0,1,0,0,0,0,1,0,0,0,0,1,0,0,0,0,1,0,0,0,0,1,0,0,0,0,1,0,0,0,0,1,1,1,9,4,4,4,4,3,4,4,3,3,3,3,3,3,3,3,2,0,0,0,0,1,0
1,43,5,13,3,4,1,2,4,4,4,4,4,4,4,4,4,4,4,4,0,0,0,0,1,0,0,0,0,1,0,0,0,0,1,0,0,0,0,1,0,0,0,0,1,0,0,0,0,1,0,0,0,0,1,0,0,0,0,1,0,0,0,0,1,0,0,0,0,1,0,0,0,0,1,0,0,0,0,1,0,0,0,0,1,1,1,9,3,3,3,3,3,3,3,1,1,1,1,1,1,1,1,1,1,1,1,1,1,0
1,47,5,40,8,3,2,1,4,4,4,4,4,4,4,4,4,4,4,4,0,0,0,0,1,0,0,0,0,1,0,0,0,0,1,0,0,0,0,1,0,0,0,0,1,0,0,0,0,1,0,0,0,0,1,0,0,0,0,1,0,0,0,0,1,0,0,0,0,1,0,0,0,0,1,0,0,0,0,1,0,0,0,0,1,1,1,1,3,3,3,3,2,2,2,3,3,3,4,3,4,4,3,3,0,0,1,0,0,0
2,56,6,19,4,8,2,1,4,4,4,4,4,3,4,4,4,4,3,4,0,1,0,0,0,0,1,0,0,0,0,1,0,0,0,0,1,0,0,0,0,1,0,0,0,0,1,0,0,0,0,1,0,0,0,0,1,0,0,0,0,1,0,0,0,0,1,0,0,0,0,1,0,0,0,0,1,0,0,0,0,1,0,0,0,2,1,1,2,2,2,2,2,2,2,2,2,2,2,2,2,2,2,2,0,1,1,0,0,1
1,45,5,13,3,4,2,1,1,4,4,4,4,3,4,4,4,4,4,4,0,0,1,0,0,0,0,1,0,0,0,1,1,0,0,0,1,1,0,0,0,1,1,0,0,1,0,0,0,0,0,0,0,0,1,0,0,0,0,1,0,0,0,0,1,0,0,0,0,1,0,0,0,0,1,0,0,0,0,1,0,0,0,0,1,3,4,3,2,2,3,3,2,3,2,2,2,2,2,1,2,3,3,3,1,0,0,0,0,0
1,58,6,27,5,6,2,1,4,4,4,4,4,3,4,4,4,4,4,4,0,0,0,0,1,0,0,0,0,1,0,0,0,0,1,0,0,0,0,1,0,0,0,1,0,0,0,0,0,1,0,0,0,0,1,0,0,0,0,1,0,0,0,0,1,0,0,0,0,1,0,0,0,0,1,0,0,0,0,1,0,0,0,0,1,1,4,2,5,2,3,3,5,5,3,2,2,3,2,5,2,4,2,2,0,1,0,0,1,0
1,45,5,12,3,4,1,2,4,4,4,4,3,4,4,4,4,4,4,4,0,1,0,0,0,0,0,0,0,1,0,0,0,0,1,0,1,0,0,0,0,0,0,0,1,0,0,0,0,1,0,0,0,0,1,0,1,0,0,0,0,0,0,0,1,0,0,0,0,1,0,0,0,0,1,0,0,0,0,1,0,0,0,0,1,2,3,1,3,3,3,3,2,3,2,3,3,3,3,3,3,2,3,3,0,1,0,0,0,0
1,43,5,15,4,5,1,2,4,4,4,4,4,4,4,4,4,4,4,4,0,0,0,0,1,0,0,0,0,1,0,0,0,0,1,0,0,0,0,1,0,0,0,0,1,0,0,0,0,1,0,0,0,0,1,0,0,0,0,1,0,0,0,0,1,0,0,0,0,1,0,0,0,0,1,0,0,0,0,1,0,0,0,0,1,1,1,9,5,5,5,5,5,5,5,3,3,3,3,3,3,3,3,3,0,0,0,0,1,0
1,45,5,28,5,5,2,1,4,4,4,4,4,3,4,4,4,4,4,4,0,0,0,0,1,0,0,0,0,1,0,0,0,0,1,0,0,0,0,1,0,0,0,0,1,0,0,0,0,1,0,0,0,0,1,0,0,0,0,1,0,0,0,0,1,0,0,0,0,1,0,0,0,0,1,0,0,0,0,1,0,0,0,0,1,1,1,1,4,2,4,2,2,2,2,2,2,2,2,4,4,4,4,3,1,1,0,1,0,0
2,46,5,11,3,9,2,1,4,3,4,4,4,4,4,4,4,4,4,4,0,0,0,0,1,0,0,1,0,0,0,0,0,0,1,0,0,0,0,1,0,0,0,0,1,0,0,0,0,1,0,0,0,0,1,0,0,0,0,1,0,0,0,0,1,0,0,0,0,1,0,0,0,0,1,0,0,0,0,1,0,0,0,0,1,2,2,1,2,2,3,2,2,2,2,2,3,2,3,3,3,3,3,3,0,1,1,0,0,0
2,52,6,14,3,8,2,1,4,4,4,4,4,4,4,4,4,3,4,4,0,0,0,0,1,0,0,0,0,1,0,0,0,0,1,0,0,0,0,1,0,0,0,0,1,0,0,0,0,1,0,0,0,0,1,0,0,0,0,1,0,0,0,0,1,0,0,0,0,1,0,0,0,0,1,0,0,0,0,1,0,0,0,0,1,3,1,1,4,2,2,3,2,2,3,1,3,3,3,2,2,2,2,2,1,0,0,0,0,0
2,50,6,11,3,7,1,2,4,4,4,4,4,4,4,4,4,4,4,4,0,0,0,0,1,0,0,0,0,1,0,0,0,0,1,0,0,0,0,1,0,0,0,0,1,0,0,0,0,1,0,0,0,0,1,0,0,0,0,1,0,0,0,0,1,0,0,0,0,1,0,0,0,0,1,0,0,0,0,1,0,0,0,0,1,1,1,9,3,2,2,2,2,2,2,4,4,4,4,4,4,4,4,4,0,0,1,0,0,0
1,41,5,27,5,3,2,1,2,4,4,4,4,2,4,4,4,4,4,4,0,0,1,0,0,0,0,1,0,0,0,0,1,0,0,0,0,1,0,0,1,0,0,0,0,1,0,0,0,0,1,0,0,0,0,1,0,0,0,0,1,0,0,0,0,1,0,0,0,0,1,0,0,0,0,1,0,0,0,0,0,1,0,0,0,4,3,4,3,2,3,3,1,2,2,4,4,2,2,2,2,3,4,4,0,0,0,1,0,0
1,50,6,11,3,5,2,1,3,4,4,4,4,3,4,4,4,4,4,4,0,0,0,0,1,0,0,0,0,1,0,1,1,0,0,0,1,1,0,0,0,0,0,0,1,0,0,0,0,1,0,0,0,0,1,0,0,0,0,1,0,0,0,0,1,1,0,0,0,0,0,0,0,0,1,0,0,0,0,1,0,0,0,0,1,4,1,4,1,1,5,1,1,1,1,1,1,1,1,1,1,1,3,1,0,0,0,0,0,1
1,56,6,13,3,7,1,2,3,4,4,4,4,3,4,4,4,4,4,4,0,0,0,0,1,0,0,0,0,1,0,0,0,0,1,0,0,0,0,1,0,0,0,0,1,0,0,0,0,1,0,0,0,0,1,0,0,0,0,1,0,0,0,0,1,0,0,0,0,1,0,0,0,0,1,0,0,0,0,1,0,0,0,0,1,9,8,1,3,3,4,3,2,2,3,2,2,3,3,3,3,3,3,3,0,1,0,0,0,0
1,42,5,26,5,5,2,1,4,4,4,4,4,4,4,4,4,4,4,4,0,0,0,0,1,0,0,0,0,1,0,0,0,0,1,0,0,0,0,1,0,0,0,0,1,0,0,0,0,1,0,0,0,0,1,0,0,0,0,1,0,0,0,0,1,0,0,0,0,1,0,0,0,0,1,0,0,0,0,1,0,0,0,0,1,1,1,1,4,4,4,4,4,4,4,4,4,2,1,2,2,4,4,2,1,0,0,0,0,0
2,51,6,7,2,1,2,1,4,4,4,4,4,4,3,4,4,2,4,4,0,0,0,0,1,0,0,0,0,1,0,0,0,0,1,0,0,0,0,1,0,0,0,0,1,0,0,0,0,1,0,0,0,0,1,0,0,0,0,1,0,0,0,0,1,1,0,0,0,0,0,0,0,0,1,0,0,0,0,1,0,0,0,0,1,3,1,1,3,2,3,2,3,2,2,2,2,2,2,2,2,3,3,3,0,0,0,0,0,1
2,48,5,13,3,8,2,1,4,4,4,4,4,4,4,4,4,4,4,4,0,0,0,0,1,0,0,0,0,1,0,0,0,0,1,0,0,0,0,1,0,0,0,0,1,0,0,0,0,1,0,0,0,0,1,0,0,0,0,1,0,0,0,0,1,0,0,0,0,1,0,0,0,0,1,0,0,0,0,1,0,0,0,0,1,1,1,1,5,5,5,5,5,5,5,5,5,5,5,5,5,5,5,5,1,0,0,0,0,0
1,45,5,13,3,3,1,2,4,4,4,4,4,4,4,4,4,4,4,4,0,0,0,0,1,0,0,0,0,1,0,0,0,0,1,0,0,0,0,1,0,0,0,0,1,0,0,0,0,1,0,0,0,0,1,0,0,0,0,1,0,0,0,0,1,0,0,0,0,1,0,0,0,0,1,0,0,0,0,1,0,0,0,0,1,9,4,1,2,2,2,2,2,3,2,3,2,3,2,3,3,3,3,3,0,1,0,0,0,0
1,46,5,14,3,4,1,2,4,4,4,4,4,4,4,4,4,4,4,4,1,0,0,0,0,1,0,0,0,0,1,0,0,0,0,1,0,0,0,0,1,0,0,0,0,1,0,0,0,0,1,0,0,0,0,1,0,0,0,0,1,0,0,0,0,1,0,0,0,0,1,0,0,0,0,1,0,0,0,0,1,0,0,0,0,3,3,2,3,3,3,3,3,3,3,3,3,3,3,3,3,3,3,3,1,0,0,1,0,0
2,56,6,22,4,8,2,1,3,4,4,4,4,3,4,4,3,3,4,4,0,0,0,0,1,0,0,0,0,1,0,0,0,0,1,0,0,0,0,1,0,0,0,0,1,0,0,0,0,1,0,0,0,0,1,0,0,0,0,1,0,0,0,0,1,0,0,0,0,1,0,0,0,0,1,0,0,0,0,1,0,0,0,0,1,1,1,1,2,2,4,2,2,3,2,2,2,2,2,2,1,2,2,2,1,1,0,0,0,0
2,53,6,14,3,8,2,2,4,4,4,3,3,4,3,4,4,4,4,4,0,1,0,0,0,0,1,0,0,0,0,0,0,0,1,0,0,0,0,1,0,0,0,0,1,0,0,0,1,0,0,0,0,0,1,0,0,0,0,1,0,0,0,0,1,0,0,0,0,1,0,0,0,0,1,0,0,0,0,1,0,0,0,0,1,4,3,2,3,2,3,3,2,2,2,1,1,3,1,2,2,1,2,1,0,0,0,1,0,0
2,56,6,11,3,8,2,1,4,4,4,4,4,4,3,4,3,4,3,4,0,0,0,0,1,0,0,0,0,1,0,0,0,0,1,0,0,0,0,1,0,0,0,0,1,0,0,0,0,1,0,0,0,0,1,0,0,0,0,1,0,0,0,0,1,0,0,0,0,1,0,0,0,0,1,0,0,0,0,1,0,0,0,0,1,3,1,1,5,1,5,3,1,3,3,3,2,3,2,2,3,1,3,2,0,0,0,1,0,0
2,48,5,27,5,9,2,1,4,4,4,4,4,4,4,4,4,4,4,4,0,0,0,0,1,0,0,0,0,1,0,0,0,0,1,0,0,0,0,1,0,0,0,0,1,0,0,0,0,1,0,0,0,0,1,0,0,0,0,1,0,0,0,0,1,0,0,0,0,1,0,0,0,0,1,0,0,0,0,1,0,0,0,0,1,1,1,9,3,2,3,3,2,2,3,2,3,3,3,2,3,2,3,2,0,1,0,0,0,0
2,46,5,7,2,8,2,1,4,4,4,4,4,4,4,4,4,4,4,4,0,0,0,0,1,0,0,0,0,1,0,0,0,0,1,0,0,0,0,1,0,0,0,0,1,0,0,0,0,1,0,0,0,0,1,0,0,0,0,1,0,0,0,0,1,0,0,0,0,1,0,0,0,0,1,0,0,0,0,1,0,0,0,0,1,1,1,1,2,2,2,3,2,2,2,2,2,2,2,2,2,2,2,2,1,0,1,1,0,0
2,58,6,14,3,8,2,1,4,4,4,4,4,4,4,4,4,4,4,4,0,0,0,0,1,0,0,0,0,1,0,0,0,0,1,0,0,0,0,1,0,0,0,0,1,0,0,0,0,1,0,0,0,0,1,0,0,0,0,1,0,0,0,0,1,0,0,0,0,1,0,0,0,0,1,0,0,0,0,1,0,0,0,0,1,9,1,9,5,2,3,3,3,3,3,2,2,2,3,2,2,2,2,2,1,0,0,0,0,0
2,47,5,14,3,8,2,2,4,4,4,4,4,4,4,4,4,4,4,4,0,0,0,0,1,0,0,0,0,1,0,0,0,0,1,0,0,0,0,1,0,0,0,0,1,0,0,0,0,1,0,0,0,0,1,0,0,0,0,1,0,0,0,0,1,0,0,0,0,1,0,0,0,0,1,0,0,0,0,1,0,0,0,0,1,1,1,1,5,2,3,3,2,3,3,2,2,2,2,2,2,2,2,2,1,0,0,0,0,0
2,58,6,14,3,8,2,1,4,4,4,4,4,3,3,4,4,3,4,4,0,0,0,0,1,0,0,0,0,1,0,0,0,0,1,0,0,0,0,1,0,0,0,0,1,0,0,0,0,1,0,0,0,0,1,0,0,0,0,1,0,0,0,0,1,0,0,0,0,1,0,0,0,0,1,0,0,0,0,1,0,0,0,0,1,9,8,1,5,1,5,1,1,1,1,1,1,1,1,1,1,1,1,1,1,1,0,0,0,0
2,58,6,46,8,11,1,2,4,4,4,4,2,2,3,4,4,4,4,4,0,0,0,0,1,0,0,0,0,1,0,0,0,0,1,0,0,0,0,1,0,0,0,0,1,0,0,0,0,1,0,0,0,0,1,0,0,0,0,1,0,0,0,0,1,0,0,0,0,1,0,0,0,0,1,0,0,0,0,1,0,0,0,0,1,2,3,1,3,2,4,2,1,1,2,3,1,1,2,3,2,2,3,1,0,1,1,0,0,0
1,56,6,12,3,1,2,1,4,4,4,4,4,4,4,3,4,4,4,4,0,0,0,0,1,0,0,0,0,1,0,0,0,0,1,0,0,0,0,1,0,0,0,0,1,0,0,0,0,1,0,0,0,0,1,0,0,0,0,1,0,0,0,0,1,0,0,0,0,1,0,0,0,0,1,0,0,0,0,1,0,0,0,0,1,1,1,9,3,2,3,3,2,2,3,2,2,4,2,4,2,2,3,3,0,0,0,0,1,0
2,58,6,1,1,8,2,1,4,4,4,4,3,3,3,4,4,4,4,3,0,0,0,0,1,0,0,0,0,1,0,0,0,0,1,0,0,0,0,1,0,0,0,0,1,0,0,0,0,1,0,0,0,0,1,0,0,0,0,1,0,0,0,0,1,0,0,0,0,1,0,0,0,0,1,0,0,0,0,1,0,0,0,0,1,1,1,1,5,1,5,5,5,5,5,1,1,1,1,1,1,1,1,1,0,0,0,0,0,1
1,42,5,13,3,5,2,1,4,4,4,4,4,4,4,4,4,4,4,4,0,1,0,0,0,0,0,0,0,1,0,0,1,0,0,0,1,0,0,0,0,0,0,0,1,1,0,0,0,0,0,0,0,0,1,0,1,1,0,0,0,0,0,0,1,0,0,0,0,1,0,0,0,0,1,0,0,0,0,1,0,0,0,0,1,4,1,1,2,2,5,4,2,5,2,1,1,1,1,1,1,1,4,1,0,1,1,0,1,0
1,46,5,9,3,3,2,1,3,4,4,4,4,4,4,4,4,4,4,4,0,1,0,0,0,0,0,0,0,1,0,0,0,0,1,0,0,1,0,0,0,1,0,0,0,0,0,0,0,1,0,0,0,0,1,0,0,0,0,1,0,0,0,0,1,0,0,0,0,1,0,0,0,0,1,0,0,0,0,1,0,0,0,0,1,3,3,2,3,2,4,2,2,4,2,1,2,1,1,2,2,1,3,2,0,1,0,0,0,0
2,59,6,1,1,8,2,1,4,4,4,4,4,4,3,4,4,3,4,4,0,0,0,0,1,0,0,0,0,1,0,0,0,0,1,0,0,0,0,1,0,0,0,0,1,0,0,0,0,1,0,0,0,0,1,0,0,0,0,1,0,0,0,0,1,0,0,0,0,1,0,0,0,0,1,0,0,0,0,1,0,0,0,0,1,1,3,1,4,2,2,2,3,3,2,1,2,2,2,2,3,3,4,2,1,0,0,0,0,0
1,59,6,13,3,3,1,2,4,4,4,4,4,4,4,4,4,4,4,4,0,0,0,0,1,0,0,0,0,1,0,0,0,0,1,0,0,0,0,1,0,0,0,0,1,0,0,0,0,1,0,0,0,0,1,0,0,0,1,0,0,0,0,0,1,0,0,0,0,1,0,0,0,0,1,0,0,0,0,1,0,0,0,0,1,9,8,1,3,3,3,3,3,3,2,3,3,3,3,3,3,3,3,2,1,0,0,0,0,0
1,53,6,40,8,5,2,1,4,4,4,4,4,4,4,4,4,4,4,4,0,0,0,0,1,0,0,0,0,1,0,0,0,0,1,0,0,0,0,1,0,0,0,0,1,0,0,0,0,1,0,0,0,0,1,0,0,0,0,1,0,0,0,0,1,0,0,0,0,1,0,0,0,0,1,0,0,0,0,1,0,0,0,0,1,9,3,1,5,5,5,5,2,5,5,3,2,2,5,2,2,2,2,3,0,0,0,0,1,0
2,51,6,11,3,8,2,1,4,4,4,4,4,4,4,4,4,4,4,4,0,0,0,0,1,0,0,0,0,1,0,0,0,0,1,0,0,0,0,1,0,0,0,0,1,0,0,0,0,1,0,0,0,0,1,0,0,0,0,1,0,0,0,0,1,0,0,0,0,1,0,0,0,0,1,0,0,0,0,1,0,0,0,0,1,1,1,1,5,3,4,3,3,3,3,2,3,3,3,3,3,3,3,3,0,0,0,0,1,0
2,57,6,12,3,3,2,2,4,4,4,4,4,4,4,4,4,4,4,4,1,0,0,1,0,0,0,0,0,1,0,0,0,0,1,0,0,0,0,1,0,0,0,0,1,0,0,0,0,1,0,0,0,0,1,0,0,0,0,1,0,0,0,0,1,0,0,0,0,1,0,0,0,0,1,0,0,0,0,1,0,0,0,0,1,9,1,9,5,5,5,5,5,5,5,4,4,4,4,2,4,2,2,4,0,0,0,0,1,0
2,55,6,12,3,8,2,1,4,4,4,4,4,4,4,4,4,4,4,4,0,0,0,0,1,0,0,0,0,1,0,0,0,0,1,0,0,0,0,1,0,0,0,0,1,0,0,0,0,1,0,0,0,0,1,0,0,0,0,1,0,0,0,0,1,0,0,0,0,1,0,0,0,0,1,0,0,0,0,1,0,0,0,0,1,9,8,9,3,3,3,3,3,3,3,3,3,3,3,3,3,3,3,3,1,0,0,0,0,0
2,56,6,13,3,9,2,2,3,3,3,4,3,3,3,4,4,4,4,4,0,1,0,0,0,0,0,0,0,1,0,1,0,0,0,0,1,0,0,0,0,0,0,0,1,0,0,0,0,1,0,0,0,0,1,0,0,0,0,1,0,0,0,0,1,0,0,0,0,1,0,0,0,0,1,0,0,0,0,1,0,0,0,0,1,2,2,2,1,2,3,1,2,2,2,3,2,2,2,2,2,3,3,2,1,0,1,0,0,0
1,40,5,23,4,4,1,2,4,4,4,4,4,4,4,4,4,4,4,4,0,0,0,0,1,0,0,0,0,1,0,0,0,0,1,0,0,0,0,1,0,0,0,0,1,0,0,0,0,1,0,0,0,0,1,0,0,0,0,1,0,0,0,0,1,0,0,0,0,1,0,0,0,0,1,0,0,0,0,1,0,0,0,0,1,1,1,2,3,3,3,3,3,2,3,3,3,2,3,3,3,3,3,3,0,0,1,0,0,0
1,58,6,23,4,4,2,1,3,4,4,4,3,4,4,4,4,4,4,4,1,0,0,0,0,0,0,0,0,1,0,0,0,0,1,0,0,0,0,1,1,0,0,0,0,1,0,0,0,0,0,0,0,0,1,0,0,0,0,1,0,0,0,0,1,0,0,0,0,1,0,0,0,0,1,0,0,0,0,1,0,0,0,0,1,3,3,1,3,2,2,2,2,2,3,2,2,2,2,2,2,2,2,2,0,1,1,0,0,0
1,52,6,9,3,6,2,1,4,4,4,4,4,4,4,4,4,4,4,4,0,0,0,0,1,0,0,0,0,1,0,0,0,0,1,0,0,0,0,1,0,0,0,0,1,0,0,0,0,1,0,0,0,0,1,0,0,0,0,1,0,0,0,0,1,0,0,0,0,1,0,0,0,0,1,0,0,0,0,1,0,0,0,0,1,1,1,9,4,4,3,4,4,4,4,3,3,3,3,3,3,3,3,3,1,0,0,0,0,0
2,52,6,13,3,8,2,1,4,4,3,4,4,4,4,4,4,4,4,4,0,0,0,0,1,0,0,0,0,1,0,0,0,0,1,0,1,0,0,0,0,0,0,0,1,0,0,0,0,1,0,0,0,0,1,0,0,0,0,1,0,0,0,0,1,0,0,0,0,1,0,0,0,0,1,0,0,0,0,1,0,0,0,0,1,9,8,1,2,2,5,2,3,3,2,3,3,3,4,2,3,3,2,3,0,1,0,0,0,0
1,45,5,11,3,9,1,2,4,4,4,4,4,4,4,4,4,4,4,4,0,0,0,0,1,0,0,0,0,1,0,0,0,0,1,0,0,0,0,1,0,0,0,0,1,0,0,0,0,1,0,0,0,0,1,0,0,0,0,1,0,0,0,0,1,0,0,0,0,1,0,0,0,0,1,0,0,0,0,1,0,0,0,0,1,9,8,9,5,5,5,5,5,5,5,3,3,3,3,3,3,3,3,3,0,0,0,0,1,0
1,47,5,46,8,11,1,2,4,4,4,4,4,3,4,4,4,4,4,4,0,0,0,0,1,0,0,0,0,1,0,0,0,0,1,0,0,0,0,1,0,0,0,0,1,0,0,0,0,1,0,0,0,0,1,0,0,0,0,1,0,0,0,0,1,0,0,0,0,1,0,0,0,0,1,0,0,0,0,1,0,0,0,0,1,1,1,1,5,4,4,5,4,4,5,1,1,1,1,1,1,1,3,1,1,1,0,0,1,0
1,51,6,12,3,3,2,1,4,4,4,4,4,4,4,4,4,4,4,4,0,0,0,0,1,0,0,0,0,1,0,0,0,0,1,0,0,0,0,1,0,0,0,0,1,0,0,0,0,1,0,0,0,0,1,0,0,0,0,1,0,0,0,0,1,0,0,0,0,1,0,0,0,0,1,0,0,0,0,1,0,0,0,0,1,1,1,1,5,5,5,5,5,5,5,5,5,5,5,5,5,5,5,5,0,1,0,0,0,0
2,48,5,43,8,5,1,2,4,4,4,4,4,4,4,4,4,4,4,4,0,0,0,0,1,0,0,0,0,1,0,0,0,0,1,0,0,0,0,1,0,0,0,0,1,0,0,0,0,1,0,0,0,0,1,0,0,0,0,1,0,0,0,0,1,0,0,0,0,1,0,0,0,0,1,0,0,0,0,1,0,0,0,0,1,1,1,1,4,4,5,3,4,2,3,1,1,1,1,1,1,1,1,1,0,0,0,0,1,0
1,55,6,46,8,1,2,1,3,3,4,4,4,4,4,4,4,4,4,4,0,0,1,1,0,0,0,0,0,1,0,0,0,0,1,0,0,0,0,1,1,0,1,1,0,1,0,0,0,0,0,0,1,1,0,0,0,0,0,1,0,0,1,1,0,0,0,1,1,0,0,0,0,0,1,1,0,0,0,0,0,0,0,0,1,1,4,2,5,1,4,4,1,2,1,2,1,1,1,1,1,1,2,2,1,0,1,0,0,0
1,47,5,40,8,11,1,2,3,4,4,4,4,4,4,4,4,4,4,4,0,0,0,0,1,0,0,0,0,1,0,0,0,0,1,0,0,0,0,1,0,0,0,0,1,0,0,0,0,1,0,0,0,0,1,0,0,0,0,1,0,0,0,0,1,0,0,0,0,1,0,0,0,0,1,0,0,0,0,1,0,0,0,0,1,2,2,1,3,3,2,3,3,3,3,3,3,3,2,2,3,3,3,3,0,1,0,0,0,0
2,50,6,27,5,8,2,1,4,4,4,4,4,4,4,4,4,4,4,4,0,1,0,0,0,0,1,0,0,0,1,0,0,0,0,1,0,1,0,0,1,0,0,0,0,1,0,0,0,0,1,0,0,0,0,0,1,0,0,0,1,0,1,0,0,1,0,0,0,0,0,1,0,0,0,1,0,0,0,0,0,0,1,0,0,3,3,1,2,2,3,2,2,3,2,1,2,2,3,2,2,2,2,3,0,0,0,1,0,0
2,53,6,42,8,8,2,1,4,4,4,4,4,4,4,4,4,4,4,4,0,0,0,0,1,0,0,0,0,1,0,0,0,0,1,0,0,0,0,1,0,0,0,0,1,0,0,0,0,1,0,0,0,0,1,0,0,0,0,1,0,0,0,0,1,1,0,0,0,0,0,0,0,0,1,0,0,0,0,1,0,0,0,0,1,1,1,1,3,3,3,3,2,2,2,3,2,3,3,3,2,2,3,2,0,0,1,1,0,0
2,53,6,13,3,9,1,2,4,4,4,4,4,4,4,4,4,4,4,4,0,0,0,0,1,0,0,0,0,1,0,0,0,0,1,0,0,0,0,1,0,0,0,0,1,0,0,0,0,1,0,0,0,0,1,0,0,0,0,1,0,0,0,0,1,0,0,0,0,1,0,0,0,0,1,0,0,0,0,1,0,0,0,0,1,1,1,1,5,3,3,3,3,3,3,1,3,3,3,3,3,3,3,2,0,1,0,0,1,0
2,53,6,15,4,8,2,1,4,4,4,4,4,4,4,4,4,4,4,4,0,0,0,0,1,0,0,0,0,1,0,0,0,0,1,0,0,0,0,1,0,0,0,0,1,0,0,0,0,1,0,0,0,0,1,0,0,0,0,1,0,0,0,0,1,0,0,0,0,1,0,0,0,0,1,0,0,0,0,1,0,0,0,0,1,1,1,1,5,3,5,5,5,3,5,3,2,2,3,3,3,3,3,2,0,0,1,0,0,0
1,52,6,26,5,3,2,1,4,4,4,4,4,4,4,4,4,4,4,4,0,0,0,0,1,0,0,0,0,1,0,0,0,0,1,0,0,0,0,1,0,0,0,0,1,0,0,0,0,1,0,0,0,0,1,0,0,0,0,1,0,0,0,0,1,0,0,0,0,1,0,0,0,0,1,0,0,0,0,1,0,0,0,0,1,9,8,1,4,3,3,3,3,3,3,2,2,2,3,3,3,3,3,3,1,0,0,0,0,0
2,52,6,13,3,8,2,1,4,4,4,4,4,4,4,4,4,4,4,4,0,0,0,0,1,0,0,0,0,1,0,0,0,0,1,0,0,0,0,1,0,0,0,0,1,0,0,0,0,1,0,0,0,0,1,0,0,0,0,1,0,0,0,0,1,0,0,0,0,1,0,0,0,0,1,0,0,0,0,1,0,0,0,0,1,1,1,1,5,4,3,4,3,3,4,1,2,2,4,2,3,3,3,2,0,1,0,0,0,0
1,48,5,40,8,3,2,1,4,4,4,4,4,4,4,4,4,4,4,4,0,0,0,0,1,0,0,0,0,1,0,0,0,0,1,0,0,0,0,1,0,0,0,0,1,0,0,0,0,1,0,0,0,0,1,0,0,0,0,1,0,0,0,0,1,0,0,0,0,1,0,0,0,0,1,0,0,0,0,1,0,0,0,0,1,1,2,1,3,3,5,3,2,2,2,1,1,1,1,1,1,1,1,1,1,0,0,0,0,0
2,50,6,4,2,8,2,1,4,4,4,4,4,4,4,4,4,4,4,4,0,0,0,0,1,0,0,0,0,1,0,0,0,0,1,0,0,0,0,1,0,0,0,0,1,0,0,0,0,1,0,0,0,0,1,0,0,0,0,1,0,0,0,0,1,0,0,0,0,1,0,0,0,0,1,0,0,0,0,1,0,0,0,0,1,1,1,1,4,4,3,2,2,1,2,1,1,3,2,2,1,1,2,1,1,0,0,0,0,0
1,59,6,1,1,3,2,1,4,4,4,4,3,3,4,4,4,4,4,4,0,0,0,0,1,0,0,0,0,1,0,0,0,0,1,0,0,0,0,1,0,0,0,0,1,0,0,0,0,1,0,0,0,0,1,0,0,0,0,1,0,0,0,0,1,0,0,0,0,1,0,0,0,0,1,0,0,0,0,1,0,0,0,0,1,1,4,1,3,3,3,3,3,2,3,3,3,3,3,3,3,3,3,3,0,0,1,0,0,0
2,40,5,23,4,9,2,2,4,4,4,4,4,4,4,4,4,4,4,4,0,0,0,0,1,0,0,0,0,1,0,0,0,0,1,0,0,0,0,1,0,0,0,0,1,0,0,0,0,1,0,0,0,0,1,0,0,0,0,1,0,0,0,0,1,0,0,0,0,1,0,0,0,0,1,0,0,0,0,1,0,0,0,0,1,1,1,9,5,5,5,5,5,5,5,1,1,1,1,1,1,1,1,1,0,1,1,0,0,0
2,45,5,43,8,8,2,1,4,4,4,4,4,4,4,4,4,4,4,4,0,0,0,0,1,0,0,0,0,1,0,0,1,0,0,0,1,1,0,0,0,0,0,0,1,0,0,0,0,1,0,0,0,0,1,0,0,0,0,1,0,0,0,0,1,0,0,0,0,1,0,0,0,0,1,0,0,0,0,1,0,0,0,0,1,2,2,1,3,3,3,3,3,3,3,3,2,2,3,3,3,3,3,3,0,1,0,0,0,0
2,50,6,6,2,11,2,1,4,4,4,4,4,4,4,4,4,4,4,4,0,0,0,0,1,0,0,0,0,1,0,0,0,0,1,0,0,0,0,1,0,0,0,0,1,0,0,0,0,1,0,0,0,0,1,0,0,0,0,1,0,0,0,0,1,0,0,0,0,1,0,0,0,0,1,0,0,0,0,1,0,0,0,0,1,1,1,9,3,3,3,3,3,3,3,3,3,3,3,3,3,3,3,3,0,0,0,0,1,0
2,55,6,27,5,11,1,1,4,4,4,4,4,4,4,4,3,4,4,4,0,0,0,0,1,0,0,0,0,1,0,0,0,0,1,0,0,0,0,1,0,0,0,0,1,0,0,0,0,1,0,0,0,0,1,0,0,0,0,1,0,0,0,0,1,0,0,0,0,1,0,0,0,0,1,0,0,0,0,1,0,0,0,0,1,1,1,1,5,4,5,4,3,2,3,1,1,1,3,2,1,2,3,1,0,1,1,0,0,0
2,51,6,27,5,8,2,1,4,4,4,4,4,4,4,4,4,4,4,4,0,0,0,0,1,0,0,0,0,1,0,0,0,0,1,0,0,0,0,1,0,0,0,0,1,0,0,0,0,1,0,0,0,0,1,0,0,0,0,1,0,0,0,0,1,0,0,0,0,1,0,0,0,0,1,0,0,0,0,1,0,0,0,0,1,9,8,9,3,1,3,2,1,2,2,3,3,3,3,3,3,3,3,3,0,1,0,0,0,0
1,50,6,36,7,3,2,1,4,4,4,4,4,4,4,4,4,4,4,4,1,0,0,0,0,0,0,0,0,1,0,1,1,0,0,0,1,0,0,0,0,0,0,0,1,0,0,0,0,1,0,0,0,0,1,0,0,0,0,1,0,0,0,0,1,1,0,0,0,0,0,0,0,0,1,0,0,0,0,1,0,0,0,0,1,4,4,9,2,2,3,3,3,3,2,2,3,2,2,3,3,3,3,3,1,0,0,0,0,0
2,50,6,1,1,8,2,1,4,4,4,4,4,4,4,4,4,4,4,3,0,0,0,0,1,0,0,0,0,1,0,0,0,0,1,0,0,0,0,1,0,0,0,0,1,0,0,0,0,1,0,0,0,0,1,0,0,0,0,1,0,0,0,0,1,0,0,0,0,1,0,0,0,0,1,0,0,0,0,1,0,0,0,0,1,1,1,9,5,3,5,3,3,3,3,1,2,1,2,2,1,2,1,1,1,0,1,0,1,0
2,40,5,14,3,8,2,2,3,4,4,3,3,3,4,4,4,4,4,4,0,1,1,0,0,0,0,1,0,0,0,1,1,0,0,0,1,1,0,0,0,1,1,0,0,0,1,1,0,0,0,1,1,0,0,0,1,1,0,0,0,1,1,0,0,0,1,1,0,0,0,1,1,0,0,0,1,1,0,0,0,1,1,0,0,3,1,1,2,2,5,2,2,3,2,1,1,3,2,2,1,1,3,3,0,1,0,0,0,0
1,58,6,14,3,3,2,2,3,4,4,3,4,4,4,4,4,4,4,4,0,0,0,0,1,0,1,0,0,0,0,0,0,0,1,0,0,0,0,1,0,0,0,0,1,0,0,0,0,1,0,0,0,0,1,0,0,0,0,1,0,0,0,0,1,0,0,0,0,1,0,0,0,0,1,0,0,0,0,1,0,0,0,0,1,2,3,2,3,2,3,3,2,4,3,3,4,3,3,2,3,4,3,3,0,0,0,1,0,0
2,55,6,27,5,8,2,1,4,4,4,4,4,4,4,4,4,4,4,4,0,0,0,0,1,0,0,0,0,1,0,0,0,0,1,0,0,0,0,1,0,0,0,0,1,0,0,0,0,1,0,0,0,0,1,0,0,0,0,1,0,0,0,0,1,0,0,0,0,1,0,0,0,0,1,0,0,0,0,1,0,0,0,0,1,9,8,9,5,5,5,5,5,5,5,3,3,3,3,3,3,3,3,3,1,0,0,0,0,0
2,44,5,14,3,9,2,2,3,4,3,4,3,3,3,4,3,3,4,4,0,0,1,0,0,0,0,0,1,0,0,0,0,0,1,0,0,0,0,1,0,0,0,1,0,0,0,0,1,0,0,0,0,0,1,0,0,0,0,1,0,0,0,0,1,0,0,0,1,0,0,0,0,0,1,0,0,0,0,1,0,0,0,0,1,3,3,1,3,2,3,2,2,2,2,2,2,2,3,3,3,3,3,3,0,1,0,0,0,0
2,45,5,14,3,8,2,2,4,4,4,4,4,1,4,4,4,4,4,4,0,0,0,0,1,0,0,0,0,1,0,0,0,0,1,0,0,0,0,1,0,0,0,0,1,1,0,0,0,0,0,0,0,0,1,0,0,0,0,1,0,0,0,0,1,0,0,0,0,1,0,0,0,0,1,0,0,0,0,1,0,0,0,0,1,4,3,3,3,1,3,3,2,1,2,2,1,3,3,3,3,3,3,3,0,0,0,1,0,0
2,53,6,12,3,8,2,1,4,4,4,4,4,4,4,4,4,4,4,4,0,0,0,0,1,0,0,0,0,1,0,0,0,0,1,0,0,0,0,1,0,0,0,0,1,0,0,0,0,1,0,0,0,0,1,0,0,0,0,1,0,0,0,0,1,0,0,0,0,1,0,0,0,0,1,0,0,0,0,1,0,0,0,0,1,1,1,1,5,5,5,5,2,2,3,1,1,2,2,2,3,2,3,2,0,1,0,0,0,0
1,41,5,14,3,3,2,1,4,1,3,3,3,1,4,4,4,3,4,4,0,0,0,0,1,1,1,0,0,0,0,0,1,0,0,0,0,1,0,0,1,1,0,0,0,1,1,0,0,0,0,0,0,0,1,1,1,0,0,0,0,0,0,0,1,1,1,1,0,0,0,0,0,0,1,0,0,0,0,1,0,0,0,0,1,4,4,6,3,1,2,2,1,1,1,2,2,3,1,2,1,1,1,2,0,0,1,1,0,0
1,46,5,23,4,5,1,2,4,4,4,4,4,4,4,4,4,4,4,4,0,0,0,0,1,0,0,0,0,1,0,0,0,0,1,0,0,0,0,1,0,0,0,0,1,0,0,0,0,1,0,0,0,0,1,0,0,0,0,1,0,0,0,0,1,0,0,0,0,1,0,0,0,0,1,0,0,0,0,1,0,0,0,0,1,9,8,9,3,3,3,3,3,3,3,3,3,3,3,3,3,3,3,3,1,0,0,0,0,0
1,59,6,13,3,4,1,2,4,4,4,4,4,4,4,4,4,4,4,4,0,0,0,0,1,0,0,0,0,1,0,0,0,0,1,0,0,0,0,1,0,0,0,0,1,0,0,0,0,1,0,0,0,0,1,0,0,0,0,1,0,0,0,0,1,0,0,0,0,1,0,0,0,0,1,0,0,0,0,1,0,0,0,0,1,1,1,1,3,3,3,3,3,3,3,3,3,3,3,3,3,3,3,3,0,0,0,0,0,1
2,56,6,20,4,7,1,2,4,4,4,4,4,2,3,4,4,4,4,4,0,0,0,0,1,0,0,0,0,1,0,0,0,0,1,0,0,0,0,1,0,0,0,0,1,0,0,0,1,0,0,0,0,0,1,0,0,0,1,0,0,0,0,1,0,0,0,0,0,1,0,0,0,0,1,0,0,0,1,0,0,0,0,0,1,4,1,1,4,1,3,1,1,1,1,2,3,3,3,3,3,3,3,2,1,1,0,0,0,0
2,53,6,27,5,3,1,2,4,4,4,4,4,4,4,4,4,4,4,4,0,0,0,0,1,0,0,0,0,1,0,0,0,0,1,0,0,0,0,1,0,0,0,0,1,0,0,0,0,1,0,0,0,0,1,0,0,0,0,1,0,0,0,0,1,0,0,0,0,1,0,0,0,0,1,0,0,0,0,1,0,0,0,0,1,1,1,1,3,2,3,3,3,3,3,1,1,3,3,1,1,1,3,1,0,1,0,1,0,0
1,40,5,5,2,5,1,2,4,4,4,4,4,4,4,4,4,4,4,4,0,0,0,0,1,0,0,0,0,1,0,0,0,0,1,0,0,0,0,1,0,0,0,0,1,0,0,0,0,1,0,0,0,0,1,0,0,0,0,1,0,0,0,0,1,0,0,0,0,1,0,0,0,0,1,0,0,0,0,1,0,0,0,0,1,1,1,1,5,5,5,5,5,5,5,3,3,3,3,3,3,3,3,3,0,0,0,0,1,0
2,47,5,28,5,3,2,2,4,4,4,4,4,4,4,4,4,4,4,4,0,0,0,0,1,0,0,0,0,1,0,0,0,0,1,0,0,0,0,1,0,0,0,0,1,1,0,0,0,0,0,0,0,0,1,0,0,0,0,1,0,0,0,0,1,0,0,0,0,1,1,0,0,0,0,0,0,0,0,1,0,0,0,0,1,9,8,1,3,3,3,2,2,2,2,3,3,3,3,3,3,3,3,3,1,0,0,0,0,0
1,58,6,14,3,7,2,1,3,4,4,3,3,4,4,3,4,4,4,4,1,1,1,1,0,1,1,1,1,0,1,1,1,1,0,1,1,1,1,0,1,1,1,1,0,1,0,0,0,0,1,0,0,0,0,1,1,1,0,0,1,1,1,0,0,1,0,0,0,0,0,0,0,0,1,0,0,0,0,1,0,0,0,0,1,3,4,2,3,2,4,2,2,1,2,1,1,2,2,1,1,1,1,2,0,1,1,0,0,0
1,44,5,14,3,4,2,1,3,4,4,4,4,4,4,4,4,4,4,4,0,0,0,0,1,0,0,0,0,1,0,0,0,0,1,0,0,0,0,1,0,0,0,0,1,0,0,0,0,1,0,0,0,0,1,0,0,0,0,1,0,0,0,0,1,0,0,0,0,1,0,0,0,0,1,0,0,0,0,1,0,0,0,0,1,1,1,9,4,3,5,5,4,5,4,1,1,2,1,1,2,2,2,2,1,1,1,0,1,0
1,56,6,1,1,11,1,2,3,4,4,4,4,3,4,4,4,4,4,4,0,0,0,0,1,0,0,0,0,1,0,0,0,0,1,0,0,0,0,1,0,0,0,0,1,0,0,0,0,1,0,0,0,0,1,0,0,0,0,1,0,0,0,0,1,0,0,0,0,1,0,0,0,0,1,0,0,0,0,1,0,0,0,0,1,1,1,1,4,2,2,2,2,2,2,1,1,1,2,2,2,1,2,2,1,1,1,0,1,0
2,59,6,13,3,8,2,1,3,4,3,3,3,3,4,4,4,4,4,4,0,0,0,0,1,0,0,0,0,1,0,0,0,0,1,0,0,0,0,1,0,0,0,0,1,0,0,0,0,1,0,0,0,0,1,0,0,0,0,1,0,0,0,0,1,0,0,0,0,1,0,0,0,0,1,0,0,0,0,1,0,0,0,0,1,1,3,2,2,3,3,3,3,2,3,1,1,2,2,3,4,2,2,2,0,1,1,0,0,0
1,50,6,27,5,4,1,2,3,4,4,3,3,4,4,3,4,4,4,4,1,0,0,0,0,0,1,0,0,0,0,1,0,0,0,0,1,0,0,0,1,0,0,0,0,0,1,0,0,0,0,1,0,0,0,0,1,0,0,0,0,1,0,0,0,0,1,0,0,0,0,1,0,0,0,1,0,0,0,0,0,1,0,0,0,3,4,1,2,2,1,2,1,1,1,1,2,2,2,2,2,2,2,2,0,0,0,1,0,0
2,51,6,34,6,8,2,1,4,4,4,4,4,4,4,4,4,4,4,4,0,0,0,0,1,0,0,0,0,1,0,0,0,0,1,0,0,0,0,1,0,0,0,0,1,0,0,0,0,1,0,0,0,0,1,0,0,0,0,1,0,0,0,0,1,0,0,0,0,1,0,0,0,0,1,0,0,0,0,1,0,0,0,0,1,1,1,1,5,5,5,5,5,2,5,1,1,5,3,3,1,1,5,3,0,0,0,0,1,0
2,47,5,46,8,9,2,1,4,4,4,4,4,4,4,4,4,4,4,4,0,0,0,0,1,0,0,0,0,1,0,1,1,0,0,0,1,1,0,0,0,0,0,0,1,0,0,0,0,1,0,0,0,0,1,0,0,0,0,1,0,0,0,0,1,0,0,0,0,1,0,0,0,0,1,0,0,0,0,1,0,0,0,0,1,9,1,1,1,3,3,3,3,3,3,1,1,3,3,2,1,2,3,2,0,1,0,0,0,0
1,40,5,13,3,4,1,2,4,4,4,4,4,4,4,4,4,4,4,4,0,0,0,0,1,0,0,0,0,1,0,0,0,0,1,0,0,0,0,1,0,0,0,0,1,0,0,0,0,1,0,0,0,0,1,0,0,0,0,1,0,0,0,0,1,0,0,0,0,1,0,0,0,0,1,0,0,0,0,1,0,0,0,0,1,1,1,1,3,3,3,3,3,3,2,1,1,1,2,1,2,1,2,1,0,1,1,0,1,0
1,49,5,27,5,3,1,2,4,4,4,4,4,4,4,4,4,4,4,4,0,0,0,0,1,0,0,0,0,1,0,0,0,0,1,0,0,0,0,1,0,0,0,0,1,0,0,0,0,1,0,0,0,0,1,0,0,0,0,1,0,0,0,0,1,0,0,0,0,1,0,0,0,0,1,0,0,0,0,1,0,0,0,0,1,1,1,1,5,5,5,5,5,5,5,1,1,1,1,1,5,5,5,5,0,0,0,0,1,0
2,51,6,1,1,8,2,1,2,4,4,4,3,3,4,4,3,3,4,4,0,1,0,0,0,0,0,0,0,1,0,0,0,0,1,0,0,0,0,1,0,1,0,0,0,0,0,0,0,1,0,0,0,0,1,0,0,0,0,1,0,1,0,0,0,0,0,0,0,1,0,0,0,0,1,0,0,0,0,1,0,0,0,0,1,2,1,1,4,2,4,2,1,2,1,2,3,3,4,4,3,3,3,4,1,1,0,0,0,0
1,58,6,14,3,11,2,1,4,4,4,4,4,4,4,4,4,4,4,4,0,0,0,0,1,0,0,0,0,1,0,0,0,0,1,0,0,0,0,1,0,0,0,0,1,0,0,0,0,1,0,0,0,0,1,0,0,0,0,1,0,0,0,0,1,0,0,0,0,1,0,0,0,0,1,0,0,0,0,1,0,0,0,0,1,1,1,1,5,5,5,5,5,5,5,5,5,5,5,5,5,5,5,5,0,0,0,0,1,0
1,55,6,34,6,6,1,2,4,4,3,4,4,1,4,4,4,4,4,4,0,0,0,0,1,0,0,0,0,1,0,0,0,0,1,0,0,0,0,1,0,0,0,0,1,0,0,0,1,0,0,0,0,0,1,0,0,0,0,1,0,0,0,0,1,0,0,0,0,1,0,0,0,0,1,0,0,0,0,1,0,0,0,0,1,4,1,1,4,2,5,4,3,2,3,2,2,5,3,2,3,3,3,3,0,0,0,0,1,0
1,49,5,13,3,5,1,2,3,3,3,4,4,3,4,4,4,3,4,4,1,0,0,0,0,1,0,0,0,0,1,0,1,0,0,1,0,1,0,0,1,0,0,0,0,1,0,0,0,0,1,0,0,0,0,1,0,0,0,0,1,0,0,0,0,1,0,0,0,0,1,0,0,0,0,1,0,0,0,0,1,0,0,0,0,2,2,1,2,2,2,2,2,2,2,3,3,2,3,3,3,3,3,3,0,0,1,0,0,0
1,54,6,13,3,5,2,1,4,4,4,4,4,3,4,4,4,4,4,4,1,0,0,0,0,0,0,0,0,1,0,0,0,0,1,0,0,0,0,1,0,0,0,0,1,0,0,0,1,0,0,0,0,0,1,0,0,0,0,1,0,0,0,0,1,0,0,0,0,1,0,0,0,0,1,0,0,0,0,1,0,0,0,0,1,1,3,1,4,1,5,4,2,2,2,1,1,2,2,1,2,4,1,4,0,1,0,0,0,0
2,58,6,23,4,8,2,2,4,4,4,4,4,4,3,4,4,4,4,4,0,0,0,0,1,0,0,0,0,1,0,0,0,0,1,0,0,0,0,1,0,0,0,0,1,0,0,0,0,1,0,0,0,0,1,0,0,0,0,1,0,1,0,0,0,0,0,0,0,1,0,0,0,0,1,0,0,0,0,1,0,0,0,0,1,9,1,1,3,3,3,3,2,2,3,1,2,3,3,3,3,3,3,2,0,1,1,0,0,0
2,48,5,27,5,8,2,1,4,4,4,4,4,4,4,4,4,3,4,4,0,0,0,0,1,0,0,0,0,1,0,0,0,0,1,0,0,0,0,1,0,0,0,0,1,0,0,0,0,1,0,0,0,0,1,0,0,0,0,1,0,0,0,0,1,0,0,0,0,1,0,0,0,0,1,0,0,0,0,1,0,0,0,0,1,1,1,9,3,2,2,3,3,2,3,2,2,2,3,3,3,3,3,3,0,0,0,0,1,0
1,58,6,47,8,2,2,1,4,4,4,4,4,4,4,4,4,4,4,4,0,0,0,0,1,0,0,0,0,1,0,0,0,0,1,0,0,0,0,1,0,0,0,0,1,0,0,0,0,1,0,0,0,0,1,0,0,0,0,1,0,0,0,0,1,0,0,0,0,1,0,0,0,0,1,0,0,0,0,1,0,0,0,0,1,1,1,1,3,3,4,3,3,3,3,3,2,2,3,3,3,3,3,2,1,0,0,0,0,0
2,51,6,34,6,5,2,1,4,4,4,4,4,3,4,4,4,4,4,4,0,0,0,0,1,0,0,0,0,1,0,0,0,0,1,0,0,0,0,1,0,0,0,0,1,0,0,0,0,1,0,0,0,0,1,0,0,0,0,1,0,0,0,0,1,0,0,0,0,1,0,0,0,0,1,0,0,0,0,1,0,0,0,0,1,3,3,2,3,3,3,3,3,3,3,2,2,2,2,3,2,3,2,3,0,0,0,1,0,0
1,57,6,27,5,6,1,2,4,4,4,4,4,3,4,4,4,4,4,4,0,0,0,0,1,0,0,0,0,1,0,0,0,0,1,0,0,0,0,1,0,0,0,0,1,0,0,0,0,1,0,0,0,0,1,0,0,0,0,1,0,0,0,0,1,0,0,0,0,1,0,0,0,0,1,0,0,0,0,1,0,0,0,0,1,1,8,1,3,3,3,2,3,3,3,2,3,3,3,3,2,3,3,3,1,0,0,0,0,0
2,47,5,46,8,3,1,2,4,4,4,4,4,4,4,4,4,4,4,4,0,1,1,0,0,0,0,0,0,1,0,0,0,0,1,0,0,0,0,1,0,0,0,0,1,0,0,0,0,1,0,0,0,0,1,0,0,0,0,1,0,0,0,0,1,0,0,0,0,1,0,0,0,0,1,0,0,0,0,1,0,0,0,0,1,1,4,1,2,3,3,3,2,2,3,3,1,3,3,2,2,2,3,1,0,1,0,1,0,0
2,53,6,27,5,5,1,2,4,4,4,4,4,4,3,4,4,4,4,4,0,0,0,0,1,0,0,0,0,1,0,0,0,0,1,0,0,0,0,1,0,0,0,0,1,0,0,0,0,1,0,0,0,0,1,0,0,0,0,1,0,0,0,0,1,0,0,0,0,1,0,0,0,0,1,0,0,0,0,1,0,0,0,0,1,1,1,9,5,5,5,5,5,5,5,1,1,1,1,1,1,1,1,1,1,0,0,0,0,0
2,48,5,27,5,9,1,2,4,4,4,4,3,4,4,4,4,4,4,4,0,0,0,0,1,0,0,0,0,1,0,0,0,0,1,0,0,0,0,1,0,0,0,0,1,0,0,0,0,1,0,0,0,0,1,0,0,0,0,1,0,0,0,0,1,0,0,0,0,1,0,0,0,0,1,0,0,0,0,1,0,0,0,0,1,9,8,1,4,3,3,4,2,1,3,1,4,4,2,2,3,2,3,2,1,1,0,0,0,0
1,55,6,11,3,4,2,1,4,4,4,4,4,4,4,4,4,4,4,4,0,0,0,0,1,0,0,0,0,1,0,0,0,0,1,0,0,0,0,1,0,0,0,0,1,0,0,0,0,1,0,0,0,0,1,0,0,0,0,1,0,0,0,0,1,0,0,0,0,1,0,0,0,0,1,0,0,0,0,1,0,0,0,0,1,1,1,1,5,4,5,5,4,5,5,1,4,1,1,4,4,1,1,4,0,1,0,0,1,0
1,51,6,13,3,3,2,1,4,4,4,4,4,4,2,4,4,4,4,4,0,0,0,0,1,0,0,0,0,1,0,0,0,0,1,0,0,0,0,1,0,0,0,0,1,0,0,0,0,1,0,0,0,0,1,0,0,0,0,1,0,0,0,0,1,0,0,0,0,1,0,0,0,0,1,0,0,0,0,1,0,0,0,0,1,3,3,1,5,5,5,2,5,5,5,2,2,3,3,3,2,3,3,3,0,0,1,0,0,0
2,54,6,13,3,8,2,2,4,4,4,4,4,4,3,4,4,3,4,4,0,0,0,1,0,1,1,0,0,0,1,1,0,0,0,1,0,0,0,0,1,0,0,0,0,0,0,0,0,1,1,0,0,0,0,1,0,0,0,0,1,0,0,0,0,1,0,0,0,0,1,0,0,0,0,0,0,0,0,1,1,0,0,0,0,5,8,1,1,1,3,1,1,1,1,1,1,2,3,2,1,3,4,1,0,1,1,0,0,0
2,48,5,13,3,11,2,1,4,4,4,4,3,3,3,4,4,4,4,4,1,0,0,0,0,0,0,0,0,1,0,0,0,0,1,0,0,0,0,1,0,0,0,0,1,0,0,0,0,1,0,0,0,0,1,0,0,0,0,1,0,0,0,0,1,0,0,0,0,1,0,0,0,0,1,0,0,0,0,1,0,0,0,0,1,4,1,3,3,3,3,3,5,1,3,3,3,1,3,3,3,3,3,2,0,0,1,0,0,0
1,50,6,13,3,4,2,1,4,4,4,4,4,4,4,4,4,4,4,4,0,0,0,0,1,0,0,0,0,1,0,0,0,0,1,0,0,0,0,1,0,0,0,0,1,0,0,0,0,1,0,0,0,0,1,0,0,0,0,1,0,0,0,0,1,0,0,0,0,1,0,0,0,0,1,0,0,0,0,1,0,0,0,0,1,9,8,9,1,1,1,1,1,1,1,1,3,3,3,3,3,3,3,3,0,1,0,0,0,0
1,53,6,35,6,5,1,2,4,4,4,4,4,4,4,4,4,4,4,4,0,0,0,0,1,0,0,0,0,1,0,0,0,0,1,0,0,0,0,1,0,0,0,0,1,0,0,0,0,1,0,0,0,0,1,0,0,0,0,1,0,0,0,0,1,0,0,0,0,1,0,0,0,0,1,0,0,0,0,1,0,0,0,0,1,9,8,9,3,3,3,3,3,3,3,3,3,3,3,3,3,3,3,3,0,1,0,0,0,0
1,51,6,27,5,4,1,2,3,4,4,4,4,3,4,4,4,4,2,4,1,0,0,0,0,0,0,0,0,1,0,0,0,0,1,0,0,0,0,1,0,0,0,0,1,0,0,0,0,1,0,0,0,0,1,0,0,0,0,1,0,0,0,0,1,0,0,0,0,1,1,0,0,0,0,0,0,0,0,1,0,0,0,0,1,4,4,3,2,3,3,4,2,2,3,2,1,2,1,2,2,2,2,2,0,0,1,1,0,0
2,46,5,12,3,9,2,1,4,4,4,4,3,4,4,4,4,4,4,4,0,0,0,0,1,0,0,0,0,1,0,0,0,0,1,0,0,0,0,1,0,0,0,0,1,0,0,0,0,1,0,0,0,0,1,0,0,0,0,1,0,0,0,0,1,0,0,0,0,1,0,0,0,0,1,0,0,0,0,1,0,0,0,0,1,2,2,2,4,2,2,3,2,4,2,1,2,2,2,2,2,2,3,2,1,0,1,0,0,0
1,46,5,13,3,2,2,1,3,4,3,4,4,4,4,4,4,4,4,4,1,0,0,0,0,0,0,0,0,1,0,0,0,0,1,0,0,0,0,1,0,0,0,0,1,0,0,0,0,1,0,0,0,0,1,0,0,0,0,1,0,0,0,0,1,0,0,0,0,1,0,0,0,0,1,0,0,0,0,1,0,0,0,0,1,2,2,1,1,3,4,2,4,3,2,1,1,2,2,3,3,3,3,2,1,0,0,0,0,0
1,57,6,12,3,4,1,2,2,3,2,2,4,2,3,3,4,4,4,4,1,1,0,0,0,0,0,1,0,0,0,1,1,0,0,0,1,1,0,0,0,0,0,0,1,1,1,0,1,0,0,0,0,0,1,0,0,0,0,1,0,0,0,0,1,0,0,0,0,1,0,0,0,0,1,0,0,0,0,1,0,0,0,0,1,4,4,4,1,2,4,1,2,1,1,2,1,4,3,2,1,2,3,4,0,0,0,1,0,0
2,48,5,13,3,6,1,2,2,4,4,4,2,4,4,4,4,4,4,4,0,0,0,0,1,0,0,0,0,1,0,0,0,0,1,0,0,0,0,1,0,0,0,0,1,0,0,0,0,1,0,0,0,0,1,0,0,0,0,1,0,0,0,0,1,0,0,0,0,1,0,0,0,0,1,0,0,0,0,1,0,0,0,0,1,9,8,3,3,3,3,3,3,3,3,3,3,3,3,3,3,3,3,3,1,0,0,0,0,0
1,55,6,13,3,3,2,1,4,4,4,4,4,4,4,4,4,4,4,4,0,0,0,0,1,0,0,0,0,1,1,0,0,0,0,0,0,0,0,1,0,0,0,0,1,0,0,0,0,1,0,0,0,0,1,0,0,0,0,1,0,0,0,0,1,1,0,0,0,0,0,0,0,0,1,0,0,0,0,1,0,0,0,0,1,3,4,2,3,2,3,3,2,2,2,1,2,2,2,2,2,1,2,2,0,1,1,0,0,0
1,49,5,12,3,4,1,2,4,4,2,4,4,4,4,4,4,4,4,4,0,0,0,0,1,0,0,0,0,1,0,0,0,0,1,0,0,0,0,1,0,0,0,0,1,0,0,0,0,1,0,0,0,0,1,0,0,0,0,1,0,0,0,0,1,0,0,0,0,1,0,0,0,0,1,0,0,0,0,1,0,0,0,0,1,3,3,1,5,2,5,4,2,3,4,1,2,2,2,2,2,2,2,2,0,0,1,0,1,0
1,56,6,14,3,7,1,2,3,4,4,3,4,4,4,4,4,4,4,4,0,1,0,0,0,0,0,0,0,1,0,0,0,0,1,0,1,1,0,0,0,0,0,0,1,0,0,0,0,1,0,0,0,0,1,0,0,0,0,1,0,0,0,0,1,0,0,0,0,1,0,0,0,0,1,0,0,0,0,1,0,0,0,0,1,3,1,2,1,2,3,1,2,4,2,2,1,3,2,1,1,4,3,1,0,1,0,1,0,0
1,57,6,24,5,4,2,1,4,4,1,4,3,4,4,4,4,4,4,4,0,0,0,0,1,0,0,0,0,1,0,0,0,0,1,0,0,0,0,1,0,0,0,0,1,0,0,0,0,1,0,0,0,0,1,0,0,0,0,1,0,0,0,0,1,0,0,0,0,1,0,0,0,0,1,0,0,0,0,1,0,0,0,0,1,9,8,1,2,2,3,2,2,2,2,2,3,2,3,3,3,3,3,3,1,0,0,0,0,0
1,46,5,29,5,3,2,1,4,4,4,4,4,4,4,4,4,4,4,4,1,0,0,0,0,1,0,0,0,0,1,0,0,0,0,1,0,0,0,0,1,0,0,0,0,1,0,0,0,0,1,0,0,0,0,1,0,0,0,0,1,0,0,0,0,1,0,0,0,0,1,0,0,0,0,1,0,0,0,0,1,0,0,0,0,4,3,1,1,3,3,2,2,2,3,3,3,2,2,3,3,3,3,3,0,1,1,0,0,0
2,46,5,27,5,8,2,2,3,4,4,4,4,3,3,4,4,3,4,4,0,0,0,0,1,0,0,0,0,1,0,0,0,0,1,0,0,0,0,1,0,0,0,0,1,0,0,0,0,1,0,0,0,0,1,0,0,0,0,1,0,0,0,0,1,0,0,0,0,1,0,0,0,0,1,0,0,0,0,1,0,0,0,0,1,9,8,1,5,1,1,1,5,5,5,1,5,5,5,5,5,5,5,5,1,1,0,0,0,0
1,45,5,13,3,5,1,2,4,4,4,4,4,4,4,4,4,4,4,4,0,0,0,0,1,0,0,0,0,1,0,0,0,0,1,0,0,0,0,1,0,0,0,0,1,0,0,0,0,1,0,0,0,0,1,0,0,0,0,1,0,0,0,0,1,0,0,0,0,1,0,0,0,0,1,0,0,0,0,1,0,0,0,0,1,1,1,9,2,3,3,3,3,3,3,3,3,3,3,3,3,3,3,3,0,0,0,0,1,0
1,40,5,26,5,3,1,2,4,4,4,4,4,4,4,4,4,4,4,4,0,0,0,0,1,0,0,0,0,1,0,0,0,0,1,0,0,0,0,1,0,0,0,0,1,0,0,0,0,1,0,0,0,0,1,0,0,0,0,1,0,0,0,0,1,0,0,0,0,1,0,0,0,0,1,0,0,0,0,1,0,0,0,0,1,1,1,9,3,3,3,3,3,3,3,3,3,3,3,3,3,3,3,3,1,0,0,0,0,0
2,54,6,14,3,8,2,1,3,4,4,4,3,4,3,4,4,4,4,4,0,0,0,0,1,0,0,0,0,1,0,0,0,0,1,0,0,0,0,1,1,1,0,0,0,0,0,0,0,1,0,0,0,0,1,0,0,0,0,1,0,0,0,0,1,0,0,0,0,1,0,0,0,0,1,0,0,0,0,1,0,0,0,0,1,5,4,2,3,2,3,3,2,3,2,2,2,2,3,2,2,2,3,3,0,1,0,0,0,0
1,40,5,3,2,3,2,1,4,4,3,4,4,4,4,4,4,4,4,4,0,0,0,0,1,0,0,0,0,1,0,1,0,0,0,0,0,0,0,1,0,0,0,0,1,0,0,0,0,1,0,0,0,0,1,0,0,0,0,1,0,0,0,0,1,0,0,0,0,1,0,0,0,0,1,0,0,0,0,1,0,0,0,0,1,1,3,1,2,2,2,2,2,2,2,2,4,2,4,4,4,4,4,4,0,1,0,0,0,0
1,54,6,23,4,5,1,2,4,4,4,4,4,4,4,4,4,4,4,4,0,0,0,0,1,0,0,0,0,1,0,0,0,0,1,0,0,0,0,1,0,0,0,0,1,0,0,0,0,1,0,0,0,0,1,0,0,0,0,1,0,0,0,0,1,0,0,0,0,1,0,0,0,0,1,0,0,0,0,1,0,0,0,0,1,1,1,1,3,3,4,3,3,2,2,3,3,2,3,3,3,3,3,2,0,0,1,0,1,0
1,53,6,27,5,6,1,2,4,4,4,4,4,4,4,4,4,4,4,4,0,1,0,0,0,0,1,0,0,0,0,1,0,0,0,0,1,0,0,0,0,1,0,0,0,0,0,1,0,0,0,1,0,0,0,0,1,0,0,0,0,1,0,0,0,0,1,0,0,0,0,1,0,0,0,0,1,0,0,0,0,1,0,0,0,1,8,1,4,3,3,4,4,4,4,2,2,2,2,2,2,3,2,2,0,1,0,0,0,0
2,56,6,23,4,8,2,1,4,4,4,4,4,4,4,4,4,3,4,4,0,0,0,0,1,0,0,0,0,1,0,0,0,0,1,0,0,0,0,1,0,0,0,0,1,0,0,0,0,1,0,0,0,0,1,0,0,0,0,1,0,0,0,0,1,0,0,0,0,1,0,0,0,0,1,0,0,0,0,1,0,0,0,0,1,9,8,1,1,1,1,1,1,1,1,1,1,2,1,1,2,1,1,1,1,0,0,0,1,0
2,42,5,36,7,6,2,1,4,4,4,4,4,4,4,4,4,4,4,4,0,0,0,0,1,0,0,0,0,1,0,0,0,0,1,0,0,0,0,1,0,0,0,0,1,0,0,0,0,1,0,0,0,0,1,0,0,0,0,1,0,0,0,0,1,0,0,0,0,1,0,0,0,0,1,0,0,0,0,1,0,0,0,0,1,1,1,9,3,3,4,3,3,3,3,3,1,3,3,3,3,3,3,3,0,0,1,0,0,0
2,51,6,33,6,3,2,1,4,4,4,4,4,4,4,4,4,4,4,4,0,0,0,0,1,0,0,0,0,1,0,0,0,0,1,0,0,0,0,1,0,0,0,0,1,0,0,0,0,1,0,0,0,0,1,0,0,0,0,1,0,0,0,0,1,0,0,0,0,1,0,0,0,0,1,0,0,0,0,1,0,0,0,0,1,1,1,9,4,3,4,4,2,4,3,3,3,2,1,3,3,3,3,2,1,0,0,0,0,0
1,56,6,29,5,11,1,2,3,4,4,4,4,4,3,4,4,4,4,4,0,1,0,0,0,0,0,0,0,1,0,0,0,0,1,1,0,0,0,0,1,0,0,0,0,1,0,0,0,0,1,0,1,0,0,0,0,0,0,1,0,1,1,0,0,0,0,0,0,1,0,0,0,0,1,0,0,0,0,1,0,0,0,0,1,5,4,3,3,2,5,2,3,3,3,2,2,3,2,4,4,2,3,1,0,1,0,0,0,1
1,47,5,11,3,5,2,2,4,4,4,4,4,4,4,4,4,4,4,4,0,0,0,0,1,0,0,0,0,1,0,0,0,0,1,0,0,0,0,1,0,0,0,0,1,0,0,0,0,1,0,0,0,0,1,0,0,0,0,1,0,0,0,0,1,0,0,0,0,1,0,0,0,0,1,0,0,0,0,1,0,0,0,0,1,9,8,9,3,3,3,3,3,3,3,3,3,3,3,3,3,3,3,3,1,0,0,0,0,0
1,57,6,23,4,5,1,2,4,4,4,4,4,4,4,4,4,4,4,4,0,0,0,0,1,0,0,0,0,1,0,0,0,0,1,0,0,0,0,1,0,0,0,0,1,0,0,0,0,1,0,0,0,0,1,0,0,0,0,1,0,0,0,0,1,0,0,0,0,1,0,0,0,0,1,0,0,0,0,1,0,0,0,0,1,1,1,9,3,3,3,3,3,3,3,3,3,3,3,3,3,3,3,3,1,0,0,0,0,0
2,45,5,13,3,9,1,2,4,4,4,4,4,4,4,4,4,4,4,4,0,0,0,0,1,0,0,0,0,1,0,0,0,0,1,0,0,0,0,1,0,0,0,0,1,0,0,0,0,1,0,0,0,0,1,0,0,0,0,1,0,0,0,0,1,0,0,0,1,0,0,0,0,0,1,0,0,0,0,1,0,0,0,0,1,1,1,1,5,5,5,5,4,4,4,1,5,5,3,4,5,5,5,3,0,1,0,0,0,0
2,58,6,33,6,6,2,1,4,4,4,4,3,4,3,4,4,4,4,4,0,0,0,0,1,0,0,0,0,1,0,0,0,0,1,0,0,0,0,1,0,0,0,0,1,0,0,0,0,1,0,0,0,0,1,0,0,0,0,1,0,0,0,0,1,0,0,0,0,1,0,0,0,0,1,0,0,0,0,1,0,0,0,0,1,1,1,1,3,3,3,3,3,3,3,2,2,2,3,2,2,2,2,2,0,1,0,0,0,0
2,50,6,1,1,8,2,1,4,4,4,4,4,4,4,4,4,4,4,4,0,0,0,0,1,0,0,0,0,1,0,0,0,0,1,0,0,0,0,1,0,0,0,0,1,0,0,0,0,1,0,0,0,0,1,0,0,0,0,1,0,0,0,0,1,0,0,0,0,1,0,0,0,0,1,0,0,0,0,1,0,0,0,0,1,9,8,9,5,5,5,5,5,5,5,3,3,3,5,5,3,5,5,3,0,1,0,0,1,0
1,51,6,23,4,11,1,2,4,4,3,3,4,4,3,4,4,4,4,4,1,0,0,0,0,0,0,0,0,1,1,0,0,0,0,0,0,1,0,0,1,0,0,0,0,1,0,0,0,0,1,0,0,0,0,1,0,0,0,0,1,0,0,0,0,1,0,0,0,0,1,0,0,0,0,0,0,0,0,1,0,0,0,0,1,2,3,2,2,2,4,2,2,4,3,2,1,2,2,1,1,2,2,2,0,1,1,1,0,0
1,48,5,14,3,5,2,1,3,4,3,1,4,4,4,4,4,4,4,4,1,0,0,0,0,0,0,0,0,1,1,0,0,0,0,1,0,0,0,0,0,0,0,0,1,0,0,0,0,1,0,0,0,0,1,0,0,0,0,1,0,0,0,0,1,0,0,0,0,1,0,0,0,0,1,0,0,0,0,1,0,0,0,0,1,1,3,1,1,3,3,1,3,3,3,1,2,1,2,1,3,3,3,2,0,1,0,0,0,0
2,56,6,14,3,8,2,1,2,4,4,4,4,4,4,4,4,4,4,4,1,1,1,1,0,0,0,0,0,1,0,0,0,0,1,0,0,0,0,1,0,0,0,0,1,0,0,0,0,1,0,0,0,0,1,0,0,0,0,1,0,0,0,0,1,0,0,0,0,1,0,0,0,0,1,0,0,0,0,1,0,0,0,0,1,6,4,5,2,2,3,2,2,2,2,3,3,2,3,3,4,3,3,3,1,0,0,0,0,0
1,50,6,4,2,4,2,1,4,4,4,4,4,4,4,4,4,4,4,4,0,0,0,0,1,0,0,0,0,1,0,0,0,0,1,0,0,0,0,1,0,0,0,0,1,0,0,0,0,1,0,0,0,0,1,0,0,0,0,1,0,0,0,0,1,0,0,0,0,1,0,0,0,0,1,0,0,0,0,1,0,0,0,0,1,4,4,1,3,2,3,2,2,3,2,2,2,2,2,2,2,2,2,2,0,1,1,0,0,0
2,53,6,7,2,8,2,1,4,4,4,4,4,4,4,4,4,4,4,4,0,0,0,0,1,0,0,0,0,1,0,0,0,0,1,0,0,0,0,1,0,0,0,0,1,0,0,0,0,1,0,0,0,0,1,0,0,0,0,1,0,0,0,0,1,0,0,0,0,1,0,0,0,0,1,0,0,0,0,1,0,0,0,0,1,3,1,1,2,2,2,2,2,2,2,2,2,2,2,2,2,2,2,2,0,1,0,0,0,0
1,44,5,13,3,6,1,2,4,4,4,4,4,4,4,4,4,4,4,4,0,0,0,0,1,0,0,0,0,1,0,0,0,0,1,0,0,0,0,1,0,0,0,0,1,0,0,0,0,1,0,0,0,0,1,0,0,0,0,1,0,0,0,0,1,0,0,0,0,1,0,0,0,0,1,0,0,0,0,1,0,0,0,0,1,1,1,1,3,3,3,3,3,3,3,3,3,3,3,3,3,3,3,3,0,0,0,0,1,0
1,52,6,26,5,6,2,1,4,3,4,4,4,4,4,4,4,4,4,4,0,0,0,0,1,0,0,0,0,1,0,0,0,0,1,0,0,0,0,1,0,0,0,0,1,0,0,0,0,1,0,0,0,0,1,0,0,0,0,1,0,0,0,0,1,0,0,0,0,1,0,0,0,0,1,0,0,0,0,1,0,0,0,0,1,1,4,1,2,2,3,2,2,2,2,2,3,2,2,2,2,3,3,2,1,0,0,0,0,0
1,52,6,8,3,11,1,2,4,4,4,4,4,4,4,4,4,4,4,4,0,0,0,0,1,0,0,0,0,1,0,0,0,0,1,0,0,0,0,1,0,0,0,0,1,0,0,0,0,1,0,0,0,0,1,0,0,0,0,1,0,0,0,0,1,0,0,0,0,1,0,0,0,0,1,0,0,0,0,1,0,0,0,0,1,1,1,1,5,5,5,5,5,5,5,1,1,5,5,5,5,5,5,5,0,1,0,0,0,0
1,55,6,11,3,4,2,2,3,4,3,3,3,4,4,4,4,4,4,4,0,1,0,0,0,1,0,0,0,0,0,1,0,0,0,0,1,0,0,0,0,1,0,0,0,0,1,0,0,0,0,1,0,0,0,0,1,0,0,0,0,1,0,0,0,0,1,0,0,0,0,1,0,0,0,0,1,0,0,0,0,0,0,0,1,2,3,1,3,1,3,3,1,2,2,1,1,2,3,3,3,3,3,1,0,0,1,0,1,0
1,51,6,28,5,3,2,1,3,4,4,4,4,4,4,4,4,4,4,4,1,0,0,0,0,0,0,0,0,1,0,0,0,0,1,0,0,0,0,1,0,0,0,0,1,0,0,0,0,1,0,0,0,0,1,0,0,0,0,1,0,0,0,0,1,0,0,0,0,1,0,0,0,0,1,0,0,0,0,1,0,0,0,0,1,3,3,1,2,5,5,2,5,5,5,3,3,3,4,4,4,2,3,3,0,1,0,0,0,0
1,48,5,27,5,3,2,1,3,4,4,4,4,3,4,4,4,4,4,4,0,0,0,0,1,0,0,0,0,1,0,0,0,0,1,0,0,0,0,1,0,0,0,0,1,0,0,0,0,1,0,0,0,0,1,0,0,0,0,1,0,0,0,0,1,0,0,0,0,1,0,0,0,0,1,0,0,0,0,1,0,0,0,0,1,1,4,2,3,3,3,3,3,3,3,3,3,3,3,3,3,3,3,3,0,0,0,0,1,0
1,44,5,28,5,5,2,1,4,4,4,4,4,3,4,4,4,4,4,4,0,0,0,0,1,0,0,0,0,1,0,0,1,0,0,0,0,0,0,1,0,0,0,0,1,0,0,0,0,1,0,0,0,0,1,0,0,0,0,1,0,0,0,0,1,0,0,0,0,1,0,0,0,0,1,0,0,0,0,1,0,0,0,0,1,4,1,1,2,3,4,4,4,2,3,1,2,1,1,2,3,3,3,2,1,0,1,0,1,0
1,46,5,8,3,5,2,2,4,4,4,4,4,4,4,4,4,4,4,4,0,0,0,0,1,0,0,0,0,1,0,0,0,0,1,0,0,0,0,1,0,0,0,0,1,0,0,0,0,1,0,0,0,0,1,0,0,0,0,1,0,0,0,0,1,0,0,0,0,1,0,0,0,0,1,0,0,0,0,1,0,0,0,0,1,9,8,9,3,3,3,3,3,3,3,3,3,3,3,3,3,3,3,3,0,1,1,0,0,0
2,51,6,23,4,9,2,1,4,4,4,4,4,4,4,4,4,4,4,4,0,0,0,0,1,0,0,1,0,0,0,0,0,0,1,0,0,0,0,1,0,0,0,0,1,0,0,0,1,0,0,0,0,0,1,0,0,0,0,1,0,0,0,0,1,0,0,0,0,1,0,0,0,0,1,0,0,0,0,1,0,0,0,0,1,3,1,1,4,2,4,2,2,2,2,1,2,2,2,4,2,4,3,3,0,0,1,0,0,0
1,42,5,9,3,5,2,2,4,4,4,4,4,4,4,4,4,4,4,4,0,0,0,0,1,0,0,0,0,1,0,0,0,0,1,0,0,0,0,1,0,0,0,0,1,0,0,0,0,1,0,0,0,0,1,0,0,0,0,1,0,0,0,0,1,0,0,0,0,1,0,0,0,0,1,0,0,0,0,1,0,0,0,0,1,1,8,9,5,3,3,3,5,4,5,3,3,3,4,4,3,3,3,4,0,0,0,1,0,0
1,59,6,37,7,6,2,1,4,4,4,4,4,4,4,4,4,4,4,4,0,0,0,0,1,0,0,0,0,1,0,0,0,0,1,0,0,0,0,1,0,0,0,0,1,0,0,0,0,1,0,0,0,0,1,0,0,0,0,1,0,0,0,0,1,0,0,0,0,1,0,0,0,0,1,0,0,0,0,1,0,0,0,0,1,9,8,9,5,5,5,5,5,5,5,5,5,5,5,5,5,5,5,5,0,0,0,0,1,0
2,50,6,7,2,8,1,2,4,4,4,4,4,4,4,4,4,4,4,4,0,0,0,0,1,0,0,0,0,1,0,0,0,0,1,0,0,0,0,1,0,0,0,0,1,0,0,0,0,1,0,0,0,0,1,0,0,0,0,1,0,0,0,0,1,0,0,0,0,1,0,0,0,0,1,0,0,0,0,1,0,0,0,0,1,1,1,9,5,5,5,5,5,5,5,5,5,5,5,5,5,5,5,5,0,0,0,0,1,0
2,43,5,9,3,6,1,2,3,4,4,4,3,4,4,4,4,4,4,4,1,0,1,0,0,0,0,1,0,0,0,0,0,0,1,0,0,0,1,0,1,0,0,0,0,0,0,0,0,1,1,0,0,0,0,1,0,0,0,0,1,0,0,0,0,1,0,0,0,0,1,0,0,0,0,1,0,0,0,0,0,0,0,0,1,4,1,1,2,2,3,2,2,3,1,1,3,3,3,3,3,3,3,3,0,1,0,0,0,0
1,49,5,13,3,4,2,1,4,4,4,4,4,3,4,4,4,4,4,4,0,0,0,0,1,0,0,0,0,1,0,0,0,0,1,0,0,0,0,1,0,0,0,0,1,0,0,0,0,1,0,0,0,0,1,0,0,0,0,1,0,0,0,0,1,0,0,0,0,1,0,0,0,0,1,0,0,0,0,1,0,0,0,0,1,9,8,9,3,3,3,3,2,3,3,2,2,3,2,2,2,2,2,2,1,0,1,0,0,0
1,53,6,11,3,5,2,1,4,4,4,4,4,4,4,4,4,4,4,4,0,0,0,0,1,0,0,0,0,1,0,0,0,0,1,0,0,0,0,1,0,0,0,0,1,0,0,0,0,1,0,0,0,0,1,0,0,0,0,1,0,0,0,0,1,0,0,0,0,1,0,0,0,0,1,0,0,0,0,1,0,0,0,0,1,9,8,9,2,3,1,2,2,2,1,2,2,2,2,2,2,2,2,2,1,0,0,1,0,0
1,53,6,12,3,11,1,2,4,4,4,4,4,4,4,4,4,4,4,4,0,0,0,0,1,0,0,0,0,1,0,0,0,0,1,0,0,0,0,1,0,0,0,0,1,0,0,0,0,1,0,0,0,0,1,0,0,0,0,1,0,0,0,0,1,0,0,0,0,1,0,0,0,0,1,0,0,0,0,1,0,0,0,0,1,1,1,1,3,3,3,3,3,3,3,1,1,1,1,1,2,1,1,2,1,1,1,1,1,0
2,40,5,11,3,3,2,2,3,4,3,4,4,3,3,3,4,4,4,4,0,1,0,0,0,0,0,1,0,0,0,0,1,0,0,0,0,0,0,1,1,0,0,0,0,0,0,0,0,1,1,0,0,0,0,1,1,0,0,0,1,0,0,0,0,1,0,0,0,0,0,0,0,0,1,0,0,0,0,1,0,0,0,0,1,2,3,2,1,1,3,1,1,2,1,1,1,1,1,1,1,1,1,1,0,1,1,0,0,0
1,57,6,14,3,6,2,1,4,4,4,4,4,4,4,4,4,4,4,4,0,0,0,0,1,0,0,0,0,1,0,0,0,0,1,0,0,0,0,1,1,0,0,0,0,0,0,0,0,1,0,0,0,0,1,0,0,0,0,1,0,0,0,0,1,1,0,0,0,0,0,0,0,0,1,0,0,0,0,1,0,0,0,0,1,3,4,2,4,2,4,4,2,4,4,3,3,2,3,3,3,3,3,3,0,0,0,0,1,0
2,49,5,23,4,8,2,1,4,4,4,4,4,4,4,4,4,4,4,4,0,0,0,0,1,0,0,0,0,1,0,0,0,0,1,0,0,0,0,1,0,0,0,0,1,0,0,0,0,1,0,0,0,0,1,0,0,0,0,1,0,0,0,0,1,0,0,0,0,1,0,0,0,0,1,0,0,0,0,1,0,0,0,0,1,1,1,9,3,3,3,3,3,3,3,3,3,3,3,3,3,3,3,3,1,0,0,0,0,0
1,45,5,22,4,5,2,1,4,4,4,4,4,4,4,4,4,4,4,4,0,0,0,0,1,0,0,0,0,1,0,0,0,0,1,0,0,0,0,1,0,0,0,0,1,0,0,0,0,1,0,0,0,0,1,0,0,0,0,1,0,0,0,0,1,0,0,0,0,1,0,0,0,0,1,0,0,0,0,1,0,0,0,0,1,1,1,9,5,5,3,5,5,3,5,2,2,3,3,3,3,3,3,2,1,0,0,0,1,0
1,50,6,14,3,5,2,1,4,4,4,4,4,4,4,4,4,4,4,4,0,0,0,0,1,0,0,0,0,1,0,0,0,0,1,0,0,0,0,1,0,0,0,0,1,0,0,0,0,1,0,0,0,0,1,0,0,0,0,1,0,0,0,0,1,0,0,0,0,1,0,0,0,0,1,0,0,0,0,1,0,0,0,0,1,1,1,9,4,3,3,3,3,3,3,2,3,3,2,3,3,3,3,3,0,0,0,0,1,0
2,43,5,23,4,8,2,1,3,4,3,4,3,4,4,4,4,4,4,4,1,0,0,0,0,0,0,0,0,1,0,0,0,0,1,0,0,0,0,1,0,0,0,0,1,0,0,0,0,1,0,0,0,0,1,0,0,0,0,1,0,0,0,0,1,0,0,0,0,1,0,0,0,0,1,0,0,0,0,1,0,0,0,0,1,2,2,1,2,2,2,2,1,2,1,2,3,3,3,3,3,3,3,3,0,0,1,0,0,0
2,53,6,1,1,11,1,2,4,4,4,4,3,3,3,4,3,4,4,4,0,0,0,0,1,0,0,0,0,1,0,0,0,0,1,0,0,0,0,1,0,0,0,0,1,0,0,0,0,1,0,0,0,0,1,0,0,0,0,1,0,0,0,0,1,0,0,0,0,1,0,0,0,0,1,0,0,0,0,1,0,0,0,0,1,3,1,1,5,2,2,3,2,2,2,2,2,3,2,2,2,2,3,2,0,0,0,1,0,0
1,46,5,27,5,5,1,2,4,4,4,4,4,4,4,4,4,4,4,4,0,0,0,0,1,0,0,0,0,1,0,0,0,0,1,0,0,0,0,1,0,0,0,0,1,0,0,0,0,1,0,0,0,0,1,0,0,0,0,1,0,0,0,0,1,0,0,0,0,1,0,0,0,0,1,0,0,0,0,1,0,0,0,0,1,1,1,1,5,5,5,5,5,5,5,3,3,3,3,3,3,3,3,3,0,1,0,0,0,0
1,48,5,14,3,5,2,1,4,3,3,3,4,4,4,4,4,4,4,4,1,0,0,0,0,0,0,0,0,1,0,0,1,0,0,0,0,1,0,0,0,0,0,0,1,0,0,0,0,1,0,0,0,0,1,0,0,0,0,1,0,0,0,0,1,0,0,0,0,1,0,0,0,0,1,0,0,0,0,1,0,0,0,0,1,3,4,1,2,2,4,4,3,3,3,2,4,2,2,2,2,4,4,2,1,0,0,0,0,0
2,44,5,27,5,3,2,1,4,4,4,4,4,4,4,4,4,4,4,4,0,0,0,0,1,0,0,0,0,1,0,0,0,0,1,0,0,0,0,1,0,0,0,0,1,0,0,0,0,1,0,0,0,0,1,0,0,0,0,1,0,0,0,0,1,0,0,0,0,1,0,0,0,0,1,0,0,0,0,1,0,0,0,0,1,1,1,1,5,5,5,5,5,5,5,5,5,5,5,5,5,5,5,5,0,0,0,0,1,0
2,42,5,47,8,8,2,2,4,4,4,4,4,4,4,4,4,4,4,4,0,0,0,0,1,0,0,0,0,1,0,0,0,0,1,0,0,0,0,1,0,0,0,0,1,0,0,0,0,1,0,0,0,0,1,0,0,0,0,1,0,0,0,0,1,0,0,0,0,1,0,0,0,0,1,0,0,0,0,1,0,0,0,0,1,1,1,1,5,4,5,5,4,3,5,2,2,4,2,2,2,3,3,2,0,1,0,0,0,0
2,51,6,28,5,8,2,2,4,4,4,4,4,4,4,4,4,4,4,4,0,0,0,0,1,0,0,0,0,1,0,0,0,0,1,0,0,0,0,1,0,0,0,0,1,0,0,0,0,1,0,0,0,0,1,0,0,0,0,1,0,0,0,0,1,0,0,0,0,1,0,0,0,0,1,0,0,0,0,1,0,0,0,0,1,9,8,9,3,3,3,3,3,3,3,1,1,1,3,3,3,3,1,1,1,0,1,0,0,0
2,54,6,11,3,6,2,1,4,4,4,4,3,4,4,4,4,4,4,3,0,0,0,0,1,0,0,0,0,1,0,0,0,0,1,0,0,0,0,1,0,0,0,0,1,0,0,0,0,1,1,0,0,0,0,0,0,0,0,1,0,0,0,0,1,0,0,0,0,1,0,0,0,0,1,0,0,0,0,1,0,0,0,0,1,3,1,1,2,2,3,2,2,2,2,2,1,2,2,3,1,1,2,1,0,1,0,0,0,0
2,55,6,14,3,8,2,1,4,4,4,4,4,4,4,4,4,4,4,4,0,0,0,0,1,0,0,0,0,1,0,0,0,0,1,0,0,0,0,1,0,0,0,0,1,0,0,0,0,1,0,0,0,0,1,0,0,0,0,1,0,0,0,0,1,0,0,0,0,1,0,0,0,0,1,0,0,0,0,1,0,0,0,0,1,9,8,9,3,3,3,3,3,3,3,3,3,3,3,3,3,3,3,3,1,0,0,0,0,0
1,51,6,1,1,5,2,2,4,4,4,4,4,4,4,4,4,4,4,4,0,0,0,0,1,0,0,0,0,1,0,0,0,0,1,0,0,0,0,1,0,0,0,0,1,0,0,0,0,1,0,0,0,0,1,0,0,0,0,1,0,0,0,0,1,0,0,0,0,1,0,0,0,0,1,0,0,0,0,1,0,0,0,0,1,1,1,1,4,2,3,3,3,2,2,2,2,2,2,3,3,3,3,3,1,0,0,0,0,0
2,47,5,23,4,6,1,2,4,4,4,4,4,4,4,4,4,4,4,4,0,0,1,0,0,1,0,0,0,0,0,0,0,0,1,0,0,1,0,0,0,0,0,0,1,0,0,0,0,1,0,0,0,0,1,1,0,0,0,0,1,0,0,0,0,1,0,0,0,0,0,0,0,0,1,0,0,0,0,1,0,0,0,0,1,1,3,1,5,2,2,2,2,5,2,1,2,1,2,2,2,1,2,2,0,1,0,0,0,0
2,49,5,28,5,9,2,1,4,4,4,4,4,3,4,4,4,3,4,4,0,0,0,0,1,0,0,0,0,1,0,0,0,0,1,0,0,0,0,1,0,0,0,0,1,0,0,0,0,1,0,0,0,0,1,0,0,0,0,1,0,0,0,0,1,0,0,0,0,1,0,0,0,0,1,0,0,0,0,1,0,0,0,0,1,4,3,1,3,2,3,3,2,1,3,2,2,2,3,3,3,2,3,2,0,0,0,1,0,0
2,55,6,18,4,9,2,1,4,4,4,3,4,3,4,4,4,3,4,4,0,1,0,0,0,0,0,0,0,1,0,0,0,0,1,0,0,0,0,1,0,0,0,0,1,0,0,0,0,1,0,0,0,0,1,0,0,0,0,1,1,0,0,0,0,1,0,0,0,0,1,0,0,0,0,0,0,0,0,1,0,0,0,0,1,1,4,2,2,1,2,1,1,2,1,2,2,3,3,3,3,3,2,2,0,1,0,0,0,0
1,57,6,13,3,5,2,1,4,4,3,4,4,4,4,4,4,4,4,4,0,0,0,0,1,0,0,0,0,1,0,0,0,0,1,0,0,0,0,1,0,0,0,0,1,0,0,0,0,1,0,0,0,0,1,0,0,0,0,1,0,0,0,0,1,0,0,0,0,1,0,0,0,0,1,0,0,0,0,1,0,0,0,0,1,1,1,1,3,3,3,3,3,3,3,3,3,3,3,3,3,3,3,3,0,1,0,0,0,0
2,52,6,23,4,9,2,1,4,4,4,4,4,1,4,4,4,1,4,4,0,0,0,0,1,0,0,0,0,1,0,0,0,0,1,0,0,0,0,1,0,0,0,0,1,0,0,0,0,1,0,0,0,0,1,0,0,0,0,1,0,0,0,0,1,0,0,0,0,1,0,0,0,0,1,0,0,0,0,1,0,0,0,0,1,3,3,2,3,3,1,2,2,2,3,2,2,2,3,3,3,3,3,3,1,0,0,0,0,0
1,52,6,13,3,6,2,2,3,4,4,4,4,4,4,4,4,4,4,4,1,0,0,0,0,0,0,0,0,1,0,0,0,0,1,0,0,0,0,1,0,0,0,0,1,0,0,0,0,1,0,0,0,0,1,0,0,0,0,1,0,0,0,0,1,0,0,0,0,1,0,0,0,0,1,0,0,0,0,1,0,0,0,0,1,3,1,1,3,3,3,3,3,3,3,2,2,2,3,3,3,3,3,3,0,1,1,0,0,0
2,42,5,26,5,8,2,1,4,4,4,4,4,4,4,4,4,4,4,4,0,0,0,0,1,0,0,0,0,1,0,0,0,0,1,0,0,0,0,1,0,0,0,0,1,0,0,0,0,1,0,0,0,0,1,0,0,0,0,1,0,0,0,0,1,0,0,0,0,1,0,0,0,0,1,0,0,0,0,1,0,0,0,0,1,9,1,9,2,2,2,2,2,2,2,2,2,2,2,2,2,2,2,2,0,1,1,0,0,0
2,54,6,1,1,11,1,1,4,4,4,4,4,4,4,4,4,4,4,4,0,0,0,0,1,0,0,0,0,1,0,0,0,0,1,0,0,0,0,1,0,0,0,0,1,0,0,0,0,1,0,0,0,0,1,0,0,0,0,1,0,0,0,0,1,0,0,0,0,1,0,0,0,0,1,0,0,0,0,1,0,0,0,0,1,9,8,9,3,2,3,2,3,2,2,1,1,1,1,2,2,3,3,2,1,1,1,0,0,0
1,43,5,28,5,9,1,2,4,4,3,4,2,4,2,1,4,4,4,4,0,0,0,0,1,0,0,0,0,1,0,0,0,0,1,1,1,0,0,0,0,0,0,0,1,0,0,0,0,1,1,1,1,0,0,1,1,0,0,0,0,0,0,0,1,0,0,0,0,1,0,0,0,0,1,0,0,0,0,1,0,0,0,0,1,4,4,4,3,1,2,3,1,2,3,2,2,3,3,2,4,3,2,4,1,0,0,0,0,0
2,46,5,11,3,3,2,1,4,4,4,4,4,4,4,4,4,4,4,4,0,0,0,0,1,0,0,0,0,1,0,0,0,0,1,0,0,0,0,1,0,0,0,0,1,0,0,0,0,1,0,0,0,0,1,0,0,0,0,1,0,0,0,0,1,0,0,0,0,1,0,0,0,0,1,0,0,0,0,1,0,0,0,0,1,1,1,1,2,2,3,2,2,2,3,1,1,2,2,3,2,3,3,2,1,1,0,0,0,0
2,52,6,11,3,9,1,2,4,4,4,4,4,4,4,4,4,4,4,4,0,0,0,0,1,0,0,0,0,1,0,0,0,0,1,0,0,0,0,1,0,0,0,0,1,0,0,0,0,1,0,0,0,0,1,0,0,0,0,1,0,0,0,0,1,0,0,0,0,1,0,0,0,0,1,0,0,0,0,1,0,0,0,0,1,9,8,9,1,1,1,1,1,1,1,3,3,3,3,3,3,3,3,3,0,0,0,0,1,0
1,41,5,23,4,4,2,1,3,4,4,4,4,3,4,4,4,4,4,4,0,1,0,0,0,1,0,1,0,0,0,1,0,0,0,0,1,0,0,0,1,1,1,0,0,1,0,0,0,0,1,0,0,0,0,1,0,0,0,0,1,0,0,0,0,1,0,0,0,0,1,0,0,0,0,1,0,0,0,0,0,0,0,1,0,9,8,1,2,2,2,2,2,2,2,1,1,1,2,2,1,2,2,2,0,1,0,0,0,0
1,48,5,26,5,4,2,1,4,4,4,4,4,4,4,4,4,4,4,4,0,0,0,0,1,0,0,0,0,1,0,0,0,0,1,0,0,0,0,1,0,0,0,0,1,0,0,0,0,1,0,0,0,0,1,0,0,0,0,1,0,0,0,0,1,0,0,0,0,1,0,0,0,0,1,0,0,0,0,1,0,0,0,0,1,4,2,9,5,5,5,5,5,5,5,5,5,5,5,5,5,5,5,5,1,0,0,0,0,0
2,45,5,27,5,9,1,2,4,4,4,4,4,4,4,4,4,4,4,4,0,0,0,0,1,0,0,0,0,1,0,0,0,0,1,0,0,0,0,1,0,0,0,0,1,0,0,0,0,1,0,0,0,0,1,0,0,0,0,1,0,0,0,0,1,0,0,0,0,1,0,0,0,0,1,0,0,0,0,1,0,0,0,0,1,1,1,9,4,4,4,4,4,4,4,2,3,2,3,3,3,3,3,3,0,1,1,0,0,0
2,54,6,14,3,8,2,1,4,4,4,4,4,4,4,4,4,4,4,4,0,0,0,0,1,0,0,0,0,1,0,0,0,0,1,0,0,0,0,1,0,0,0,0,1,0,0,0,0,1,0,0,0,0,1,0,0,0,0,1,0,0,0,0,1,0,0,0,0,1,0,0,0,0,1,0,0,0,0,1,0,0,0,0,1,1,1,1,3,1,3,1,1,1,1,3,3,4,3,3,3,3,3,3,0,1,0,0,0,0
1,46,5,1,1,2,1,2,3,4,4,4,4,4,4,4,4,3,4,4,0,0,0,0,1,0,0,0,0,1,0,0,0,0,1,0,0,0,0,1,0,0,0,0,1,0,0,0,0,1,0,0,0,0,1,0,0,0,0,1,0,0,0,0,1,0,0,0,0,1,0,0,0,0,1,0,0,0,0,1,0,0,0,0,1,9,8,1,3,3,3,4,2,1,3,1,1,2,3,2,2,2,3,2,0,0,1,1,0,0
1,47,5,13,3,11,2,1,4,4,4,4,4,4,4,4,4,4,4,4,0,0,0,0,1,0,0,0,0,1,0,0,0,0,1,0,0,0,0,1,0,0,0,0,1,0,0,0,0,1,0,0,0,0,1,0,0,0,0,1,0,0,0,0,1,0,0,0,0,1,0,0,0,0,1,0,0,0,0,1,0,0,0,0,1,9,8,9,5,5,5,5,5,5,5,5,5,5,5,5,5,5,5,5,0,0,0,0,1,0
1,53,6,34,6,4,2,1,4,4,4,4,4,4,4,4,4,4,4,4,0,0,0,0,1,0,0,0,0,1,0,0,0,0,1,0,0,0,0,1,0,0,0,0,1,0,0,0,0,1,0,0,0,0,1,0,0,0,0,1,0,0,0,0,1,0,0,0,0,1,0,0,0,0,1,0,0,0,0,1,0,0,0,0,1,2,2,1,5,5,5,5,5,5,5,5,5,5,5,5,5,5,5,5,0,0,0,0,1,0
2,41,5,1,1,11,1,2,4,4,3,3,4,4,4,4,4,4,4,4,0,0,0,0,1,0,0,0,0,1,0,0,0,0,1,0,0,0,0,1,0,0,0,0,1,0,0,0,0,1,0,0,0,0,1,0,0,0,0,1,0,0,0,0,1,0,0,0,0,1,0,0,0,0,1,0,0,0,0,1,0,0,0,0,1,9,1,9,3,5,3,3,2,2,2,1,3,3,3,3,3,2,2,3,1,1,1,0,0,0
2,55,6,8,3,9,2,1,4,3,4,4,4,3,3,4,3,3,3,3,0,0,0,0,1,0,0,1,0,0,0,0,0,0,1,0,0,0,0,1,0,0,0,0,1,0,0,0,0,1,0,0,0,0,1,0,0,0,0,1,0,0,0,0,1,0,0,0,0,1,0,0,0,0,1,0,0,0,0,1,0,0,0,0,1,1,4,2,2,2,2,2,2,2,2,1,3,2,2,2,2,1,3,3,0,1,0,0,0,0
1,52,6,32,6,6,2,1,4,4,3,4,4,4,4,4,4,4,4,4,0,0,0,0,1,0,1,0,0,0,0,1,1,0,0,0,0,0,0,1,0,0,0,0,1,0,0,0,0,1,0,0,0,0,1,0,0,0,0,1,0,0,0,0,1,0,0,0,0,1,0,0,0,0,1,0,0,0,0,1,0,0,0,0,1,4,1,1,2,3,2,2,2,3,3,2,3,4,3,2,3,3,3,4,1,1,0,0,0,0
2,41,5,5,2,5,2,1,4,4,4,4,4,4,4,4,4,4,4,4,0,0,0,0,1,0,0,0,0,1,0,0,0,0,1,0,0,0,0,1,0,0,0,0,1,0,0,0,0,1,0,0,0,0,1,0,0,0,0,1,0,0,0,0,1,0,0,0,0,1,0,0,0,0,1,0,0,0,0,1,0,0,0,0,1,3,2,2,3,2,2,2,3,3,2,2,2,3,2,3,3,2,3,2,0,0,0,1,0,0
2,48,5,6,2,9,2,2,4,4,4,4,4,4,4,4,4,4,4,4,0,0,0,0,1,0,0,0,0,1,0,0,0,0,1,0,0,0,0,1,0,0,0,0,1,0,0,0,0,1,0,0,0,0,1,0,0,0,0,1,0,0,0,0,1,0,0,0,0,1,0,0,0,0,1,0,0,0,0,1,0,0,0,0,1,1,1,9,3,3,3,3,3,3,3,3,3,3,3,3,3,3,3,3,0,0,1,0,0,0
1,43,5,6,2,5,2,1,4,4,4,4,4,4,4,4,4,4,4,4,0,0,0,0,1,0,0,0,0,1,0,0,0,0,1,0,0,0,0,1,0,0,0,0,1,0,0,0,0,1,0,0,0,0,1,0,0,0,0,1,0,0,0,0,1,0,0,0,0,1,0,0,0,0,1,0,0,0,0,1,0,0,0,0,1,1,1,9,3,3,3,3,3,3,3,3,3,3,3,3,3,3,3,3,0,1,1,0,0,0
1,45,5,13,3,5,1,1,3,4,4,4,3,2,3,4,4,4,3,4,1,0,0,0,0,1,0,0,0,0,1,0,0,0,0,1,0,0,0,0,1,0,0,0,0,1,0,0,0,0,1,0,0,0,0,1,0,0,0,0,1,0,0,0,0,1,0,0,0,0,1,0,0,0,0,1,0,0,0,0,0,0,0,0,1,4,4,2,2,1,1,1,2,1,1,1,1,1,1,1,2,1,3,1,1,0,0,0,0,0
2,45,5,44,8,3,1,2,3,4,4,4,4,4,4,4,4,4,4,4,0,0,0,1,0,0,0,0,0,1,0,0,0,0,1,0,0,0,0,1,0,0,0,0,1,0,0,0,0,1,0,0,0,0,1,0,0,0,0,1,0,0,0,0,1,0,0,0,0,1,0,0,0,0,1,0,0,0,0,1,0,0,0,0,1,4,3,1,3,1,2,1,2,2,1,1,3,1,1,2,2,2,3,1,0,1,0,0,0,0
1,50,6,13,3,3,2,2,4,4,4,4,4,4,4,4,4,4,4,4,0,0,0,0,1,0,0,0,0,1,0,0,0,0,1,0,0,0,0,1,0,0,0,0,1,0,0,0,0,1,0,0,0,0,1,0,0,0,0,1,0,0,0,0,1,0,0,0,0,1,0,0,0,0,1,0,0,0,0,1,0,0,0,0,1,9,8,9,3,3,3,3,3,3,3,3,3,3,3,3,3,3,3,3,1,0,0,0,0,0
2,51,6,25,5,4,2,2,4,4,4,4,4,1,4,4,4,4,4,4,0,0,0,0,1,0,0,0,0,1,0,0,0,0,1,0,0,0,0,1,0,0,0,0,1,0,0,0,0,1,0,0,0,0,1,0,0,0,0,1,0,0,0,0,1,0,0,0,0,1,0,0,0,0,1,0,0,0,0,1,0,0,0,0,1,3,3,2,2,2,2,2,2,2,3,2,2,2,2,2,3,2,2,2,0,1,0,1,0,0
2,54,6,40,8,6,2,2,4,4,4,4,4,3,3,4,4,4,4,4,1,1,1,1,0,0,0,0,0,1,1,1,1,1,0,1,1,1,1,0,1,1,0,0,0,1,0,0,0,0,1,0,0,0,0,1,0,0,0,0,1,0,0,0,0,1,0,0,0,0,1,0,0,0,0,1,0,0,0,0,1,0,0,0,0,5,4,3,2,2,4,2,2,2,2,4,4,4,4,4,2,4,2,4,0,0,1,0,0,0
2,44,5,27,5,8,2,1,4,4,4,4,4,3,4,4,4,4,3,4,1,0,0,0,0,0,0,0,0,1,0,0,0,0,1,1,0,0,0,0,0,0,0,0,1,1,0,0,0,0,1,0,0,0,0,0,0,0,0,1,0,0,0,0,1,1,0,0,0,0,1,0,0,0,0,0,0,0,0,1,0,0,0,0,1,4,3,2,5,1,1,1,1,1,1,1,1,1,1,1,1,1,1,1,0,0,0,1,0,0
1,48,5,8,3,4,2,1,4,4,4,4,4,4,4,4,4,4,4,4,0,0,0,0,1,0,0,0,0,1,0,0,0,0,1,0,0,0,0,1,0,0,0,0,1,0,0,0,0,1,0,0,0,0,1,0,0,0,0,1,0,0,0,0,1,0,0,0,0,1,0,0,0,0,1,0,0,0,0,1,0,0,0,0,1,3,1,1,3,3,3,3,3,3,3,3,3,3,3,3,3,3,3,3,1,0,0,0,0,0
2,59,6,13,3,8,2,1,4,4,4,4,4,4,4,4,4,4,4,4,0,0,0,0,1,0,0,0,0,1,0,0,0,0,1,0,0,0,0,1,0,0,0,0,1,0,0,0,0,1,0,0,0,0,1,0,0,0,0,1,0,0,0,0,1,0,0,0,0,1,0,0,0,0,1,0,0,0,0,1,0,0,0,1,0,9,8,1,5,4,4,5,4,4,5,3,4,4,4,4,3,4,3,3,0,0,0,0,1,0
1,52,6,12,3,6,1,2,4,4,4,4,4,4,4,4,4,4,4,4,0,0,0,0,1,0,0,0,0,1,0,0,0,0,1,0,0,0,0,1,0,0,0,0,1,0,0,0,0,1,0,0,0,0,1,0,0,0,0,1,0,0,0,0,1,0,0,0,0,1,0,0,0,0,1,0,0,0,0,1,0,0,0,0,1,1,1,1,5,5,5,5,5,5,5,1,1,3,1,3,3,3,3,1,0,0,0,0,1,0
2,55,6,23,4,6,1,2,4,4,4,4,4,4,4,4,4,4,4,4,0,1,0,0,0,0,0,0,0,1,0,0,0,0,1,0,0,0,0,1,0,0,0,0,1,0,0,0,0,1,0,0,0,0,1,0,0,0,0,1,0,0,0,0,1,0,0,0,0,1,0,0,0,0,1,0,0,0,0,1,0,0,0,0,1,3,1,1,4,3,4,3,3,2,3,2,2,4,2,2,2,2,4,4,0,1,0,0,0,0
2,57,6,23,4,8,2,1,4,3,4,3,3,4,4,4,4,4,4,4,0,0,0,0,1,0,0,0,0,1,0,0,0,0,1,0,0,0,0,1,0,0,0,0,1,0,0,0,0,1,0,0,0,0,1,0,0,0,0,1,0,0,0,0,1,0,0,0,0,1,0,0,0,0,1,0,0,0,0,1,0,0,0,0,1,4,3,1,1,1,1,1,1,1,1,1,1,3,1,1,1,1,1,1,0,0,0,1,0,0
2,47,5,12,3,3,2,1,4,4,4,3,4,4,4,4,3,3,4,4,1,0,0,0,0,0,0,1,0,0,1,0,0,0,0,0,0,0,0,1,0,1,0,0,0,0,0,0,0,1,0,0,0,0,1,0,0,0,0,1,1,0,0,0,0,1,0,0,0,0,0,0,0,0,1,0,0,0,0,1,0,0,0,0,1,1,4,2,2,1,3,2,1,3,1,1,2,1,2,1,1,2,2,1,0,1,1,0,0,0
1,45,5,1,1,9,1,2,4,4,4,4,4,4,4,4,4,4,4,4,0,0,0,0,1,0,0,0,0,1,0,0,0,0,1,0,0,0,0,1,0,0,0,0,1,0,0,0,0,1,0,0,0,0,1,0,0,0,0,1,0,0,0,0,1,0,0,0,0,1,0,0,0,0,1,0,0,0,0,1,0,0,0,0,1,2,2,9,3,3,3,3,3,2,2,2,2,3,3,3,3,3,3,3,0,0,1,0,0,0
1,50,6,26,5,3,2,1,4,4,4,4,4,4,4,4,4,4,4,4,0,0,0,0,1,0,0,0,0,1,0,0,0,0,1,0,0,0,0,1,0,0,0,0,1,0,0,0,0,1,0,0,0,0,1,0,0,0,0,1,0,0,0,0,1,0,0,0,0,1,0,0,0,0,1,0,0,0,0,1,0,0,0,0,1,1,1,1,3,2,4,3,3,3,3,1,2,2,3,2,3,4,4,2,0,1,1,0,0,0
2,43,5,3,2,8,2,1,4,4,4,4,4,4,4,4,4,4,4,4,0,0,0,0,1,0,0,0,0,1,0,0,0,0,1,0,0,0,0,1,0,0,0,0,1,0,0,0,0,1,0,0,0,0,1,0,0,0,0,1,0,0,0,0,1,0,0,0,0,1,0,0,0,0,1,0,0,0,0,1,0,0,0,0,1,9,8,9,3,3,3,3,3,3,3,3,3,3,3,3,3,3,3,3,0,0,0,0,1,0
1,45,5,23,4,4,1,2,4,4,4,4,4,4,4,4,4,4,4,4,0,0,0,0,1,0,0,0,0,1,0,0,0,0,1,0,0,0,0,1,0,0,0,0,1,0,0,0,0,1,0,0,0,0,1,0,0,0,0,1,0,0,0,0,1,0,0,0,0,1,0,0,0,0,1,0,0,0,0,1,0,0,0,0,1,1,1,9,3,3,3,4,4,3,3,3,2,3,3,3,3,3,3,3,0,0,0,0,1,0
2,41,5,8,3,11,1,2,4,4,4,4,4,4,4,4,4,4,4,4,0,0,0,0,1,0,0,0,1,0,0,0,0,0,1,0,0,0,0,1,0,0,0,1,0,0,0,0,0,1,0,0,0,0,1,0,0,0,0,1,0,0,0,0,1,0,0,0,0,1,0,0,0,0,1,0,0,0,0,1,0,0,0,0,1,5,1,1,3,1,3,2,2,2,2,1,2,2,2,2,1,1,3,3,0,1,0,0,0,0
2,57,6,43,8,8,2,1,4,4,4,4,4,4,4,4,4,4,4,4,0,0,0,0,1,0,0,0,0,1,0,0,0,0,1,0,0,0,0,1,0,0,0,0,1,0,0,0,0,1,0,0,0,0,1,0,0,0,0,1,0,0,0,0,1,0,0,0,0,1,0,0,0,0,1,0,0,0,0,1,0,0,0,0,1,3,1,1,3,2,3,3,2,3,3,2,2,2,2,3,2,2,2,2,1,1,1,0,1,0
2,58,6,27,5,8,2,1,4,4,4,4,4,4,4,4,4,4,4,4,0,0,0,0,1,0,0,0,0,1,0,0,0,0,1,0,0,0,0,1,0,0,0,0,1,0,0,0,0,1,0,0,0,0,1,0,0,0,0,1,1,0,0,0,0,0,0,0,0,1,0,0,0,0,1,0,0,0,0,1,0,0,0,0,1,4,4,2,5,2,5,5,2,5,5,2,2,4,4,2,2,2,2,4,0,1,0,0,0,0
2,47,5,40,8,9,2,1,4,4,4,4,4,4,4,4,4,4,4,4,0,0,0,0,1,0,0,0,0,1,0,0,0,0,1,0,0,0,0,1,0,0,0,0,1,0,0,0,0,1,0,0,0,0,1,0,0,0,0,1,0,0,0,0,1,0,0,0,0,1,0,0,0,0,1,0,0,0,0,1,0,0,0,0,1,1,1,1,3,3,3,3,2,3,3,3,3,3,3,3,3,3,3,3,1,0,0,0,0,0
2,53,6,14,3,7,1,2,4,4,4,4,4,4,4,4,4,4,4,4,0,0,0,0,1,0,0,0,0,1,0,0,0,0,1,0,0,0,0,1,0,0,0,0,1,0,0,0,0,1,0,0,0,0,1,0,0,0,0,1,0,0,0,0,1,0,0,0,0,1,0,0,0,0,1,0,0,0,0,1,0,0,0,0,1,9,8,1,3,3,3,3,3,3,3,3,3,3,3,3,3,3,3,3,0,1,0,0,0,0
1,46,5,15,4,5,2,1,4,4,4,4,3,3,4,4,4,4,4,4,0,0,0,0,1,0,0,0,0,1,0,0,0,0,1,0,0,0,0,1,0,0,0,0,1,0,0,0,0,1,0,0,0,0,1,0,0,0,0,1,0,0,0,0,1,0,0,0,0,1,0,0,0,0,1,0,0,0,0,1,0,0,0,0,1,3,3,2,5,2,5,5,2,5,5,5,4,4,4,5,4,5,5,4,0,0,0,0,0,1
1,54,6,34,6,5,1,2,4,4,4,4,4,4,4,4,4,4,4,4,0,0,0,0,1,0,0,0,0,1,0,0,0,0,1,0,0,0,0,1,0,0,0,0,1,0,0,0,0,1,0,0,0,0,1,0,0,0,0,1,0,0,0,0,1,0,0,0,0,1,0,0,0,0,1,0,0,0,0,1,0,0,0,0,1,9,8,9,4,4,4,2,2,3,2,3,3,2,3,4,3,4,3,3,0,0,1,0,0,0
2,40,5,27,5,9,2,1,4,4,4,4,4,4,4,4,4,4,4,4,0,0,0,0,1,0,0,0,0,1,0,0,0,0,1,0,0,0,0,1,0,0,0,0,1,0,0,0,0,1,0,0,0,0,1,0,0,0,0,1,0,0,0,0,1,0,0,0,0,1,0,0,0,0,1,0,0,0,0,1,0,0,0,0,1,9,8,9,5,5,5,5,5,5,5,3,3,3,3,3,3,3,3,3,0,0,0,0,1,0
1,40,5,27,5,6,2,1,4,4,4,4,4,4,4,4,4,4,4,4,0,0,0,0,1,0,0,0,0,1,0,0,0,0,1,0,0,0,0,1,0,0,0,0,1,0,0,0,0,1,0,0,0,0,1,0,0,0,0,1,0,0,0,0,1,0,0,0,0,1,0,0,0,0,1,0,0,0,0,1,0,0,0,0,1,9,8,1,3,2,3,2,2,2,3,2,2,2,2,3,3,2,2,2,1,1,1,0,0,0
2,42,5,34,6,11,1,2,4,4,4,4,4,4,4,4,4,4,4,4,0,0,0,0,1,0,0,0,0,1,0,0,0,0,1,0,0,0,0,1,0,0,0,0,1,0,0,0,0,1,0,0,0,0,1,0,0,0,0,1,0,0,0,0,1,0,0,0,0,1,0,0,0,0,1,0,0,0,0,1,0,0,0,0,1,1,3,1,5,2,4,3,4,4,3,1,1,2,2,2,2,2,2,2,0,1,0,0,0,0
2,40,5,43,8,8,2,1,4,4,4,4,4,3,3,4,4,4,4,4,0,0,0,0,1,0,0,0,0,1,0,0,0,0,1,0,0,0,0,1,0,0,0,0,1,0,0,0,0,1,0,0,0,0,1,0,0,0,0,1,0,0,0,0,1,0,0,0,0,1,0,0,0,0,1,0,0,0,0,1,0,0,0,0,1,9,8,9,4,4,3,1,1,1,1,3,3,3,3,3,3,3,3,3,0,0,1,0,0,0
1,41,5,6,2,4,2,1,4,4,4,4,4,4,4,4,4,4,4,4,0,0,0,0,1,0,0,0,0,1,0,0,0,0,1,0,0,0,0,1,0,0,0,0,1,0,0,0,0,1,0,0,0,0,1,0,0,0,0,1,0,0,0,0,1,0,0,0,0,1,0,0,0,0,1,0,0,0,0,1,0,0,0,0,1,9,8,1,5,5,5,5,5,5,5,5,5,5,5,5,5,5,5,5,1,0,0,0,0,0
1,44,5,27,5,7,1,2,3,3,4,4,2,2,3,2,2,2,4,4,1,0,0,0,0,0,0,1,0,0,0,0,0,0,1,1,1,0,0,0,0,0,0,0,1,0,1,0,0,0,0,1,0,0,0,0,1,0,0,0,0,0,0,0,1,0,0,0,0,1,0,0,0,0,1,0,0,0,0,1,1,0,0,0,0,9,8,1,1,1,2,1,2,1,1,1,1,1,1,1,1,1,1,1,0,1,0,0,0,0
1,48,5,14,3,3,2,1,4,4,4,4,4,4,4,4,4,4,4,4,0,0,0,0,1,0,0,0,0,1,0,0,0,0,1,0,0,0,0,1,0,0,0,0,1,0,0,0,0,1,0,0,0,0,1,0,0,0,0,1,0,0,0,0,1,0,0,0,0,1,0,0,0,0,1,0,0,0,0,1,0,0,0,0,1,1,1,1,2,2,3,3,3,3,3,3,3,3,3,3,3,3,3,3,0,1,0,0,0,0
2,59,6,14,3,9,2,1,4,4,4,4,3,3,3,4,4,3,4,4,0,0,0,0,1,0,0,0,0,1,0,0,0,0,1,0,0,0,0,1,0,1,0,0,0,0,0,0,0,1,0,1,0,0,0,0,0,0,0,1,0,0,0,0,1,0,0,0,0,1,0,0,0,0,1,0,0,0,0,1,0,0,0,0,1,3,3,2,5,2,5,5,3,1,4,2,2,1,1,1,1,1,1,1,1,0,0,0,1,0
1,48,5,27,5,1,2,2,4,4,3,4,3,4,4,4,4,3,4,4,0,0,0,0,1,0,0,0,0,1,0,0,0,0,1,0,0,0,0,1,0,0,0,0,1,0,0,0,0,1,0,0,0,0,1,0,0,0,0,1,0,0,0,0,1,0,0,0,0,1,0,0,0,0,1,0,0,0,0,1,0,0,0,0,1,3,1,2,3,2,4,2,2,2,2,2,3,4,4,2,2,2,4,4,0,0,0,0,1,0
2,40,5,2,2,3,2,1,3,4,4,4,4,4,3,4,4,4,4,4,0,0,0,0,1,0,0,0,0,1,0,0,0,0,1,0,0,0,0,1,0,0,0,0,1,0,0,0,0,1,0,0,0,0,1,0,0,0,0,1,0,0,0,0,1,1,0,0,0,0,0,0,0,0,1,0,0,0,0,1,0,0,0,0,1,9,5,1,5,2,3,2,1,3,2,1,1,2,2,1,1,1,3,2,1,0,1,0,0,0
1,51,6,7,2,6,1,2,1,3,4,4,4,3,4,4,4,4,4,4,0,1,1,0,0,0,1,1,0,0,0,0,1,0,0,0,0,0,0,1,0,0,0,0,1,0,0,0,0,1,0,0,0,0,1,0,0,0,0,1,0,0,0,0,1,0,0,0,0,1,0,0,0,0,1,0,0,0,0,1,0,0,0,0,1,3,4,2,3,1,3,1,1,1,2,2,2,3,2,2,5,5,2,5,0,0,1,0,0,0
2,46,5,22,4,9,2,1,4,4,4,4,4,4,4,4,4,4,4,4,0,0,0,0,1,0,0,0,0,1,0,0,0,0,1,0,0,0,0,1,0,0,0,0,1,0,0,0,0,1,0,0,0,0,1,0,0,0,0,1,0,0,0,0,1,0,0,0,0,1,0,0,0,0,1,0,0,0,0,1,0,0,0,0,1,9,8,1,2,2,2,2,2,3,2,1,2,2,2,3,2,3,3,3,0,1,1,0,0,0
2,50,6,14,3,9,2,1,4,4,4,4,4,4,3,4,4,4,3,4,1,0,0,0,0,0,0,0,0,1,0,0,0,0,1,0,0,0,0,1,0,0,0,0,1,1,0,0,0,0,0,0,0,0,1,0,0,0,0,1,0,0,0,0,1,0,0,0,0,1,1,0,0,0,0,0,0,0,0,1,0,0,0,0,1,3,3,2,5,1,4,4,1,2,1,1,3,1,5,4,2,2,2,2,0,1,1,0,0,0
2,48,5,16,4,9,2,1,4,4,4,4,4,4,4,4,4,4,4,4,0,0,0,0,1,0,0,0,0,1,0,0,0,0,1,0,0,0,0,1,0,0,0,0,1,0,0,0,0,1,0,0,0,0,1,0,0,0,0,1,0,0,0,0,1,0,0,0,0,1,0,0,0,0,1,0,0,0,0,1,0,0,0,0,1,9,1,1,4,3,5,5,5,3,5,2,2,1,2,3,3,2,3,3,1,0,0,0,1,0
1,50,6,12,3,3,2,1,4,4,4,4,4,4,4,4,4,4,4,4,1,0,0,0,0,0,0,0,0,1,1,0,0,0,0,1,0,0,0,0,1,0,0,0,0,1,0,0,0,0,0,0,0,0,1,0,0,0,0,1,0,0,0,0,1,1,0,0,0,0,0,0,0,0,1,0,0,0,0,1,0,0,0,0,1,9,1,1,1,3,5,2,1,2,3,1,1,1,1,1,1,1,1,1,0,1,1,0,0,0
2,41,5,14,3,8,2,1,4,4,4,4,4,4,4,4,4,4,4,4,0,0,0,0,1,0,0,0,0,1,0,0,0,0,1,0,0,0,0,1,0,0,0,0,1,0,0,0,0,1,0,0,0,0,1,0,0,0,0,1,0,0,0,0,1,0,0,0,0,1,0,0,0,0,1,0,0,0,0,1,0,0,0,0,1,3,1,2,3,2,2,2,2,2,2,1,1,2,2,2,2,1,2,1,0,1,0,0,0,0
2,46,5,11,3,8,2,2,4,4,4,4,2,3,4,4,4,4,4,4,0,0,0,0,1,0,0,0,0,1,0,0,0,0,1,0,0,0,0,1,1,0,0,0,0,0,0,0,0,1,0,0,0,0,1,0,0,0,0,1,1,0,0,0,0,0,0,0,0,1,0,0,0,0,1,0,0,0,0,1,0,0,0,0,1,4,3,1,5,1,4,1,1,1,1,2,2,4,5,2,2,5,2,5,0,0,0,0,0,1
2,56,6,1,1,9,2,1,4,4,4,4,3,4,4,4,4,4,4,4,0,0,0,0,1,0,0,0,0,1,0,0,0,0,1,0,0,0,0,1,0,0,0,0,1,0,0,0,0,1,0,0,0,0,1,0,0,0,0,1,0,0,0,0,1,0,0,0,0,1,0,0,0,0,1,0,0,0,0,1,0,0,0,0,1,1,1,1,4,3,3,4,2,2,3,1,1,1,4,2,3,2,4,3,1,1,1,0,0,0
1,50,6,12,3,5,2,1,4,4,4,4,4,4,4,4,4,4,4,4,0,0,0,0,1,0,0,0,0,1,0,0,0,0,1,0,0,0,0,1,0,0,0,0,1,0,0,0,0,1,0,0,0,0,1,0,0,0,0,1,0,0,0,0,1,0,0,0,0,1,0,0,0,0,1,0,0,0,0,1,0,0,0,0,1,1,1,9,3,2,3,3,2,2,3,2,2,2,2,2,2,2,2,2,0,0,0,1,0,0
2,43,5,27,5,11,2,1,4,4,4,3,4,3,4,4,4,3,3,4,0,0,0,0,1,1,0,0,0,0,0,0,0,0,1,1,0,0,0,0,1,0,0,0,0,1,0,0,0,0,1,0,0,0,0,0,0,0,0,1,1,0,0,0,0,1,0,0,0,0,1,0,0,0,0,1,0,0,0,0,1,0,0,0,0,5,5,3,2,2,2,2,2,2,1,1,3,3,3,3,3,4,3,4,0,1,0,0,0,0
1,46,5,25,5,5,2,1,4,4,4,4,4,4,4,4,4,4,4,4,0,0,0,0,1,0,0,1,0,0,0,0,0,0,1,1,0,0,0,0,0,0,0,0,1,0,0,0,0,1,0,0,0,0,1,0,0,0,0,1,0,0,0,0,1,0,0,0,0,1,0,0,0,0,1,0,0,0,0,1,0,0,0,0,1,3,1,1,3,3,3,3,4,3,3,2,3,2,3,3,3,3,3,3,0,1,0,0,0,0
2,42,5,12,3,7,1,2,4,4,4,4,3,3,4,4,2,4,4,4,0,0,1,0,0,0,0,1,0,0,0,0,1,0,0,0,0,1,0,0,1,0,0,0,0,1,0,0,0,0,1,0,0,0,0,0,0,1,0,0,1,1,1,0,0,1,1,0,0,0,0,0,0,0,1,0,0,0,0,1,0,0,0,0,1,3,3,1,1,2,2,1,1,1,2,1,1,1,2,1,2,1,2,1,0,1,1,0,0,0
1,53,6,8,3,4,2,1,4,4,4,4,4,4,4,4,4,4,4,4,0,0,0,0,1,0,0,0,0,1,0,0,0,0,1,0,0,0,0,1,0,0,0,0,1,0,0,0,0,1,0,0,0,0,1,0,0,0,0,1,0,0,0,0,1,0,0,0,0,1,0,0,0,0,1,0,0,0,0,1,0,0,0,0,1,1,1,9,3,3,3,3,4,3,3,3,3,3,3,3,3,3,4,4,0,0,1,0,0,0
2,41,5,28,5,8,2,1,4,4,4,4,4,4,4,4,4,4,4,4,0,0,0,0,1,0,0,0,0,1,0,0,0,0,1,0,0,0,0,1,0,0,0,0,1,0,0,0,0,1,0,0,0,0,1,0,0,0,0,1,0,0,0,0,1,0,0,0,0,1,0,0,0,0,1,0,0,0,0,1,0,0,0,0,1,4,1,2,2,3,5,5,2,2,5,2,3,2,4,3,4,4,3,2,1,0,0,0,0,0
1,56,6,13,3,3,2,1,4,4,4,4,4,4,4,4,4,4,4,4,0,1,0,0,0,0,0,0,0,1,0,0,1,0,0,0,0,1,0,0,0,0,0,0,1,0,0,0,0,1,0,0,0,0,1,0,0,1,0,0,0,0,0,0,1,0,0,0,0,1,0,0,0,0,1,0,0,0,0,1,0,0,0,0,1,9,3,2,2,2,4,2,4,4,3,1,2,3,2,3,2,3,3,1,0,1,1,0,0,0
1,52,6,13,3,5,1,2,4,4,4,4,4,4,4,4,4,4,4,4,0,0,0,0,1,0,0,0,0,1,0,0,0,0,1,0,0,0,0,1,0,0,0,0,1,0,0,0,0,1,0,0,0,0,1,0,0,0,0,1,0,0,0,0,1,0,0,0,0,1,0,0,0,0,1,0,0,0,0,1,0,0,0,0,1,9,8,9,3,3,4,5,2,4,4,2,3,2,4,4,3,4,3,3,1,1,0,0,1,0
1,55,6,28,5,5,2,1,4,4,3,4,4,4,4,4,4,4,4,4,0,0,0,0,1,0,0,0,0,1,0,0,0,0,1,0,0,0,0,1,0,0,0,0,1,0,0,0,0,1,0,0,0,0,1,0,0,0,0,1,0,0,0,0,1,0,0,0,0,1,0,0,0,0,1,0,0,0,0,1,0,0,0,0,1,1,8,1,3,2,3,1,1,1,1,1,1,1,1,1,1,1,1,2,1,1,1,0,0,0
2,41,5,11,3,3,2,1,4,4,4,4,4,3,4,4,4,4,4,4,0,0,0,0,1,0,0,0,0,1,0,0,1,0,0,0,0,1,0,0,0,0,0,0,1,0,0,0,0,1,0,0,1,0,0,0,0,0,0,1,0,0,0,0,1,0,0,0,0,1,0,0,0,0,1,0,0,0,0,1,0,0,0,0,1,1,3,1,3,5,5,3,3,3,4,1,3,1,2,2,2,3,2,2,1,1,1,0,0,0
1,53,6,22,4,11,1,2,4,4,4,4,4,4,4,4,4,4,4,4,0,0,1,0,0,0,0,1,0,0,0,0,1,0,0,0,0,1,0,0,0,0,1,0,0,0,0,1,0,0,0,0,1,0,0,0,0,1,0,0,0,0,1,0,0,0,0,1,0,0,0,0,1,0,0,0,0,1,0,0,0,0,1,0,0,1,3,2,3,2,3,3,2,3,2,3,2,3,3,3,3,3,3,3,0,1,0,0,0,0
2,47,5,28,5,8,2,1,4,4,4,4,3,4,3,4,4,4,4,3,0,0,0,0,1,0,0,0,0,1,0,0,0,0,1,0,0,0,0,1,0,0,0,0,1,1,0,0,0,0,0,0,0,0,1,0,0,0,0,1,0,0,0,0,1,0,0,0,0,1,0,0,0,0,1,0,0,0,0,1,0,0,0,0,1,4,1,2,4,2,3,2,2,2,2,3,3,3,4,4,3,3,3,3,1,0,0,0,0,0
1,55,6,27,5,3,1,1,4,4,4,4,4,4,4,4,4,4,4,4,1,0,0,0,0,0,0,0,0,1,1,0,0,0,0,0,1,0,0,0,0,0,0,0,1,1,0,0,0,0,0,0,0,0,1,0,0,0,0,1,0,0,0,0,1,0,0,0,0,1,0,0,0,0,1,0,0,0,0,1,0,0,0,0,1,3,3,2,3,3,3,3,3,3,3,3,3,3,3,3,3,3,3,3,0,0,0,0,1,0
1,53,6,26,5,5,1,1,4,4,4,4,4,4,3,4,4,4,4,4,1,1,0,0,0,0,1,0,0,0,0,1,1,0,0,1,1,0,0,0,0,0,0,0,1,1,0,0,0,0,1,0,0,0,0,1,0,0,0,0,1,0,0,0,0,1,0,0,0,0,0,0,0,0,1,0,0,0,0,1,0,0,0,0,1,4,4,2,2,2,3,2,2,2,2,2,3,2,3,3,3,3,3,2,0,1,0,1,0,0
2,53,6,10,3,9,2,1,4,4,4,4,4,4,4,4,4,4,4,4,0,0,0,0,1,0,0,0,0,1,0,0,0,0,1,0,0,0,0,1,0,0,0,0,1,0,0,0,0,1,0,0,0,0,1,0,0,0,0,1,0,0,0,0,1,0,0,0,0,1,0,0,0,0,1,0,0,0,0,1,0,0,0,0,1,1,1,1,5,2,5,5,2,1,5,1,2,4,1,2,2,2,4,2,1,1,0,0,1,0
2,44,5,1,1,3,2,2,4,4,4,4,4,4,4,4,4,4,4,4,0,0,0,0,1,0,0,0,0,1,0,0,0,0,1,0,0,0,0,1,0,0,0,0,1,0,0,0,0,1,0,0,0,0,1,0,0,0,0,1,0,0,0,0,1,0,0,0,0,1,0,0,0,0,1,0,0,0,0,1,0,0,0,0,1,1,1,9,5,3,5,5,3,5,5,1,1,1,2,2,2,2,3,3,0,1,1,0,0,0
1,55,6,27,5,3,2,2,1,3,3,3,4,3,4,4,4,4,4,4,1,1,0,0,0,0,1,1,0,0,0,1,1,0,0,1,1,1,0,0,0,0,0,1,0,0,0,0,1,0,0,0,0,1,0,0,0,0,1,0,0,0,0,1,0,0,0,0,1,0,0,0,0,1,0,0,0,0,1,0,0,0,0,1,0,4,4,1,2,2,2,2,2,3,2,2,2,2,3,3,3,3,3,2,0,1,0,0,0,0
1,45,5,5,2,3,2,1,4,4,2,4,4,4,4,4,4,4,4,4,1,1,0,0,0,1,1,1,0,0,1,1,1,0,0,1,1,1,0,0,0,1,0,0,0,1,0,0,0,0,1,0,0,0,0,1,0,0,0,0,1,1,0,0,0,1,0,0,0,0,1,0,0,0,0,1,0,0,0,0,0,0,0,0,1,3,4,3,1,1,2,1,2,1,1,2,2,2,2,1,2,3,1,2,0,0,1,1,0,0
1,55,6,11,3,11,1,2,4,4,4,4,4,4,3,4,4,4,4,4,0,1,0,0,0,0,0,1,0,0,0,0,1,0,0,0,1,0,0,0,1,0,0,0,0,1,0,0,0,0,1,0,0,0,0,1,0,0,0,0,0,0,0,0,1,1,0,0,0,0,0,0,0,0,1,0,0,0,0,1,0,0,0,0,1,9,8,9,2,3,3,3,3,2,3,1,2,2,4,1,2,2,4,2,1,0,0,0,0,0
1,56,6,34,6,11,1,2,3,4,4,4,4,4,4,4,4,4,4,4,0,1,0,0,0,0,0,0,0,1,0,0,0,0,1,0,0,0,0,1,0,0,0,0,1,0,0,0,0,1,0,0,0,0,1,0,0,0,0,1,0,0,0,0,1,0,0,0,0,1,0,0,0,0,1,0,0,0,0,1,0,0,0,0,1,1,2,1,4,2,4,4,4,4,4,1,1,4,2,1,2,2,3,2,1,1,0,0,0,0
1,44,5,14,3,4,2,1,4,4,4,4,4,4,4,4,4,4,4,4,0,1,0,0,0,0,1,0,0,0,0,1,0,0,0,0,1,0,0,0,0,1,0,0,0,0,1,0,0,0,0,1,0,0,0,0,1,0,0,0,0,1,0,0,0,0,1,0,0,0,0,1,0,0,0,0,1,0,0,0,0,0,0,0,1,2,2,1,2,2,3,2,2,2,2,2,3,2,3,2,2,2,2,2,0,0,1,0,0,0
2,43,5,28,5,3,2,2,3,4,4,4,3,3,3,4,4,3,4,3,0,0,0,0,1,0,0,0,0,1,0,0,0,0,1,0,0,0,0,1,0,0,0,0,1,0,0,0,0,1,0,0,0,0,1,0,0,0,0,1,0,0,0,0,1,0,0,0,0,1,0,0,0,0,1,0,0,0,0,1,0,0,0,0,1,2,1,1,2,2,2,2,2,2,2,2,3,2,2,3,3,3,3,2,1,0,1,0,0,0
1,46,5,25,5,2,1,2,4,4,4,4,4,4,4,4,4,4,4,4,0,0,0,0,1,0,0,0,0,1,0,0,0,0,1,0,0,0,0,1,0,0,0,0,1,0,0,0,0,1,0,0,0,0,1,0,0,0,0,1,0,0,0,0,1,0,0,0,0,1,0,0,0,0,1,0,0,0,0,1,0,0,0,0,1,1,3,2,3,2,3,2,2,3,2,2,2,2,2,3,3,3,4,3,1,0,1,0,0,0
2,56,6,13,3,7,1,1,3,4,4,4,4,4,4,4,4,4,4,4,0,0,0,0,1,0,0,1,0,0,0,0,0,0,1,0,0,0,0,1,0,0,0,0,1,0,0,0,0,1,0,0,0,0,1,0,0,0,0,1,0,0,0,0,1,0,0,0,0,1,0,0,0,0,1,0,0,0,0,1,0,0,0,0,1,4,1,1,3,3,3,3,1,2,3,2,5,2,5,3,3,2,4,2,1,0,0,0,0,0
2,51,6,1,1,3,1,1,4,4,4,4,4,4,4,4,4,4,4,4,0,0,0,0,1,0,0,0,0,1,0,0,0,0,1,0,0,0,0,1,0,0,0,0,1,0,0,0,0,1,0,0,0,0,1,0,0,0,0,1,0,0,0,0,1,0,0,0,0,1,0,0,0,0,1,0,0,0,0,1,0,0,0,0,1,1,8,1,3,2,2,2,2,2,2,2,2,2,2,2,3,3,3,2,0,1,0,0,0,0
1,46,5,27,5,9,1,2,4,4,4,4,4,4,4,4,4,4,4,4,0,0,0,0,1,0,0,0,0,1,0,0,0,0,1,0,0,0,0,1,0,0,0,0,1,0,0,0,0,1,0,0,0,0,1,0,0,0,0,1,0,0,0,0,1,0,0,0,0,1,0,0,0,0,1,0,0,0,0,1,0,0,0,0,1,1,1,9,4,2,3,3,3,1,3,1,3,2,3,2,2,2,3,3,1,1,0,0,0,0
2,54,6,14,3,11,1,2,3,4,4,4,4,3,3,4,2,3,4,4,0,0,0,0,1,0,0,0,0,1,0,0,0,0,1,0,0,0,0,1,0,0,0,1,0,0,0,0,0,1,0,0,0,0,1,0,0,0,0,1,1,0,0,0,0,0,0,0,1,0,0,0,0,0,1,0,0,0,0,1,1,0,0,0,0,9,8,1,3,2,2,2,2,2,1,3,3,3,2,3,2,1,3,3,1,0,0,0,0,0
1,43,5,28,5,5,2,1,4,4,4,4,4,4,4,4,4,4,4,4,0,1,0,0,0,0,0,0,0,1,0,0,0,0,1,0,0,0,0,1,0,0,0,0,1,0,0,0,0,1,0,0,0,0,1,0,0,0,0,1,0,0,0,0,1,0,0,0,0,1,0,0,0,0,1,0,0,0,0,1,0,0,0,0,1,3,3,1,2,2,2,2,1,2,2,2,2,2,2,2,2,2,2,2,0,1,0,1,0,0
1,40,5,1,1,11,1,2,4,4,4,4,4,4,4,4,4,4,4,4,0,0,0,0,1,0,0,0,0,1,0,0,0,0,1,0,0,0,0,1,0,0,0,0,1,0,0,0,0,1,0,0,0,0,1,0,0,0,0,1,0,0,0,0,1,0,0,0,0,1,0,0,0,0,1,0,0,0,0,1,0,0,0,0,1,1,1,9,3,3,3,3,3,3,3,3,3,3,3,3,3,3,3,3,1,0,0,0,0,0
2,40,5,14,3,3,1,2,3,3,2,4,4,2,4,4,4,3,4,4,1,1,0,0,0,1,1,0,0,0,1,1,0,0,0,1,1,0,0,0,0,0,0,0,1,1,1,0,0,0,0,0,0,0,1,0,0,0,0,1,0,0,0,0,1,1,1,0,0,0,1,1,0,0,0,0,0,0,0,1,0,0,0,0,1,4,4,2,1,1,2,2,2,1,1,2,3,3,2,3,3,3,3,3,0,0,1,0,0,0
2,41,5,47,8,9,1,2,4,4,4,4,4,4,4,4,4,4,4,4,0,0,0,0,1,0,0,0,0,1,0,0,0,0,1,0,0,0,0,1,0,0,0,0,1,0,0,0,0,1,0,0,0,0,1,0,0,0,0,1,0,0,0,0,1,0,0,0,0,1,0,1,1,0,0,0,0,0,0,1,0,0,0,0,1,4,4,1,2,2,2,1,2,3,2,2,2,3,3,2,2,2,3,3,0,1,0,0,0,0
1,50,6,27,5,5,2,1,4,4,4,4,4,4,4,4,4,4,4,4,0,0,1,0,0,0,0,0,0,1,0,0,0,0,1,0,0,0,0,1,0,0,0,0,1,0,0,0,0,1,0,0,0,0,1,0,0,0,0,1,0,0,0,0,1,0,0,0,0,1,0,0,0,0,1,0,0,0,0,1,0,0,0,0,1,4,8,9,5,5,5,5,5,5,5,3,3,2,3,3,3,3,3,3,0,0,1,0,0,0
2,42,5,1,1,8,2,1,4,4,4,4,4,4,4,4,4,4,4,4,0,0,0,0,1,0,0,0,0,1,0,0,0,0,1,0,0,0,0,1,0,0,0,0,1,0,0,0,0,1,0,0,0,0,1,0,0,0,0,1,0,0,0,0,1,0,0,0,0,1,0,0,0,0,1,0,0,0,0,1,0,0,0,0,1,9,8,1,3,3,3,3,3,3,3,3,3,3,3,3,3,3,3,3,0,1,0,0,0,0
1,59,6,13,3,9,2,1,3,4,3,4,4,4,4,4,4,4,4,4,1,0,0,0,0,1,0,0,0,0,1,0,0,0,0,1,0,0,0,0,1,0,0,0,0,1,0,0,0,0,0,0,0,0,1,1,0,0,0,0,0,0,0,0,1,1,0,0,0,0,0,0,0,0,1,0,0,0,0,1,0,0,0,0,1,4,4,5,2,1,2,1,2,2,1,4,4,4,4,4,4,4,4,4,0,0,0,1,0,0
2,51,6,14,3,8,2,1,4,4,4,4,4,4,4,4,4,4,4,4,0,0,0,0,1,0,0,0,0,1,0,0,0,0,1,0,0,0,0,1,0,0,0,0,1,0,0,0,0,1,0,0,0,0,1,0,0,0,0,1,0,0,0,0,1,0,0,0,0,1,0,0,0,0,1,0,0,0,0,1,0,0,0,0,1,9,8,9,3,2,4,3,2,2,2,2,2,3,3,3,3,3,3,3,0,0,0,0,1,0
1,50,6,14,3,11,1,2,4,4,4,4,4,4,4,4,4,4,4,4,0,0,0,0,1,0,0,0,0,1,0,0,0,0,1,0,0,0,0,1,0,0,0,0,1,0,0,0,0,1,0,0,0,0,1,0,0,0,0,1,0,0,0,0,1,0,0,0,0,1,0,0,0,0,1,0,0,0,0,1,0,0,0,0,1,9,8,9,3,3,3,3,3,3,3,3,3,3,3,3,3,3,3,3,0,1,0,0,0,0
2,57,6,13,3,8,2,1,4,4,4,4,4,3,4,4,3,4,4,4,1,0,0,0,0,0,0,0,0,1,0,0,0,0,1,0,0,0,0,1,0,0,0,0,1,1,0,0,0,0,1,0,0,0,0,1,0,0,0,0,1,0,0,0,0,0,0,0,0,1,0,0,0,0,1,1,0,0,0,0,0,0,0,0,1,4,1,2,3,2,3,2,2,2,2,2,4,4,4,3,3,4,3,4,0,1,0,1,0,0
2,43,5,27,5,8,2,1,4,4,4,4,4,4,4,4,4,4,4,4,0,0,0,0,1,0,0,0,0,1,0,0,0,0,1,0,0,0,0,1,0,0,0,0,1,0,0,0,0,1,0,0,0,0,1,0,0,0,0,1,0,0,0,0,1,0,0,0,0,1,0,0,0,0,1,0,0,0,0,1,0,0,0,0,1,9,8,1,4,3,3,3,2,2,2,2,2,2,3,3,2,3,3,3,0,1,0,0,0,0
2,40,5,13,3,9,2,1,3,4,4,4,3,4,4,4,4,4,4,4,0,1,1,0,0,0,0,1,0,0,0,0,1,0,0,0,0,1,0,0,0,0,0,0,1,0,0,0,0,1,0,0,0,0,1,0,0,0,0,1,0,0,0,0,1,0,1,0,0,0,0,0,0,0,1,0,0,0,0,1,0,0,0,0,1,4,1,2,2,2,3,2,2,3,2,2,2,3,2,2,2,2,2,2,1,0,0,0,0,0
1,40,5,27,5,6,1,2,4,4,4,4,4,4,4,4,4,4,4,4,0,0,0,0,1,0,0,0,0,1,0,0,0,0,1,0,0,0,0,1,0,0,0,0,1,0,0,0,0,1,0,0,0,0,1,0,0,0,0,1,0,0,0,0,1,0,0,0,0,1,0,0,0,0,1,0,0,0,0,1,0,0,0,0,1,3,3,1,5,2,5,5,2,5,5,5,2,2,5,5,5,5,5,5,0,0,0,0,1,0
1,56,6,14,3,3,2,1,3,4,4,3,4,4,4,4,4,4,4,4,0,1,0,0,0,0,0,0,0,1,0,1,0,0,0,0,1,0,0,0,0,0,0,0,1,1,0,0,0,0,0,0,0,0,1,0,0,0,0,1,0,0,0,0,1,0,0,0,0,1,0,0,0,0,1,0,0,0,0,1,0,0,0,0,1,3,3,3,2,4,5,1,2,2,2,1,1,1,1,1,2,2,4,1,0,1,0,0,0,0
1,43,5,11,3,11,1,2,4,4,4,4,4,2,4,4,4,4,4,4,0,0,0,0,1,0,0,0,0,1,0,0,0,0,1,0,0,0,0,1,0,0,0,0,1,1,1,0,0,0,0,0,0,0,1,0,0,0,0,1,0,0,0,0,1,0,0,0,0,1,0,0,0,0,1,0,0,0,0,1,0,0,0,0,1,4,3,1,2,2,2,2,2,2,2,3,2,2,2,3,3,3,3,2,0,0,1,0,0,0
2,59,6,11,3,8,2,1,4,4,4,4,3,3,4,4,4,4,4,4,0,0,0,0,1,0,0,0,0,1,0,0,0,0,1,0,0,0,0,1,0,0,0,0,1,0,0,0,0,1,0,0,0,0,1,0,0,0,0,1,0,0,0,0,1,0,0,0,0,1,0,0,0,0,1,0,0,0,0,1,0,0,0,0,1,9,8,9,3,3,3,3,3,3,3,3,3,3,3,3,3,3,3,3,1,0,0,0,0,0
2,45,5,9,3,9,1,1,4,4,4,4,4,4,4,4,4,4,4,4,0,0,0,0,1,0,0,0,0,1,0,0,0,0,1,0,0,0,0,1,0,0,0,0,1,0,0,0,0,1,0,0,0,0,1,0,0,0,0,1,0,0,0,0,1,0,0,0,0,1,0,0,0,0,1,0,0,0,0,1,0,0,0,0,1,9,8,9,3,3,3,3,3,2,3,3,3,3,3,3,3,3,3,3,0,1,0,0,0,0
2,40,5,27,5,8,2,1,4,4,4,3,4,4,4,4,4,4,4,4,0,0,0,0,1,0,0,0,0,1,0,0,0,0,1,0,0,0,0,1,0,0,0,0,1,0,0,0,0,1,0,0,0,0,1,0,0,0,0,1,0,0,0,0,1,0,0,0,0,1,0,0,0,0,1,0,0,0,0,1,0,0,0,0,1,3,1,1,4,1,1,1,1,2,1,3,3,2,1,3,3,3,2,4,1,0,0,0,0,0
1,58,6,47,8,5,2,1,4,4,4,4,4,4,4,4,4,4,4,4,0,0,0,0,1,0,0,0,0,1,0,0,0,0,1,0,0,0,0,1,0,0,0,0,1,0,0,0,0,1,0,0,0,0,1,0,0,0,0,1,0,0,0,0,1,0,0,0,0,1,0,0,0,0,1,0,0,0,0,1,0,0,0,0,1,1,1,9,5,5,5,5,5,5,5,1,1,2,1,2,2,1,2,2,1,1,1,0,1,0
1,49,5,28,5,5,1,2,4,4,4,4,4,4,4,4,4,4,4,4,0,0,0,0,1,0,0,0,0,1,0,0,0,0,1,0,0,0,0,1,0,0,0,0,1,0,0,0,0,1,0,0,0,0,1,0,0,0,0,1,0,0,0,0,1,0,0,0,0,1,0,0,0,0,1,0,0,0,0,1,0,0,0,0,1,9,1,9,5,4,5,5,5,5,5,5,5,1,5,5,5,5,5,5,1,0,0,0,0,0
1,54,6,39,7,4,2,1,4,4,4,4,4,4,4,4,4,4,4,4,0,0,0,0,1,0,0,0,0,1,0,0,0,0,1,0,0,0,0,1,0,0,0,0,1,0,0,0,0,1,0,0,0,0,1,0,0,0,0,1,0,0,0,0,1,0,0,0,0,1,0,0,0,0,1,0,0,0,0,1,0,0,0,0,1,1,3,1,4,5,5,5,4,4,5,5,5,5,5,5,5,5,5,5,0,0,0,0,1,0
1,43,5,23,4,5,2,1,4,4,4,4,4,4,4,4,4,4,4,4,0,0,0,0,1,0,0,0,0,1,0,0,0,0,1,0,0,0,0,1,0,0,0,0,1,0,0,0,0,1,0,0,0,0,1,0,0,0,0,1,0,0,0,0,1,0,0,0,0,1,0,0,0,0,1,0,0,0,0,1,0,0,0,0,1,1,1,9,5,5,5,5,5,5,5,5,5,5,5,5,5,5,5,5,0,1,1,0,0,0
2,58,6,13,3,8,2,2,4,4,4,4,4,2,3,4,4,4,4,4,0,0,0,0,1,0,0,1,0,0,0,0,0,0,1,0,0,0,0,1,0,0,0,0,1,1,0,0,0,0,1,0,0,0,0,0,0,0,0,1,0,0,0,0,1,1,1,0,0,0,0,0,0,0,1,0,0,0,0,1,0,0,0,0,1,3,3,2,3,2,3,2,2,2,2,2,3,3,3,3,3,3,3,3,1,1,1,0,0,0
1,47,5,27,5,5,2,1,4,4,4,4,4,4,4,4,4,4,4,4,0,0,0,0,1,0,0,0,0,1,0,0,0,0,1,0,0,0,0,1,0,0,0,0,1,0,0,0,0,1,0,0,0,0,1,0,0,0,0,1,0,0,0,0,1,0,0,0,0,1,0,0,0,0,1,0,0,0,0,1,0,0,0,0,1,1,1,1,3,3,3,3,3,3,3,1,2,1,2,2,2,1,2,2,1,1,1,1,1,0
2,42,5,13,3,11,1,2,3,4,4,4,4,4,4,4,4,4,4,4,0,1,0,0,0,0,1,0,0,0,0,1,0,0,0,0,1,0,0,0,0,1,0,0,0,0,1,0,0,0,0,1,0,0,0,0,1,0,0,0,0,1,0,0,0,0,1,0,0,0,0,1,0,0,0,0,1,0,0,0,0,1,0,0,0,9,5,1,2,1,1,1,1,1,1,1,1,1,1,1,1,1,1,1,0,1,0,1,0,0
1,49,5,14,3,3,2,1,4,4,3,4,4,4,4,4,4,4,4,4,0,0,0,0,1,0,0,0,0,1,0,0,0,0,1,0,0,0,0,1,0,0,0,0,1,1,0,0,0,0,0,0,0,0,1,0,0,0,0,1,0,0,0,0,1,0,0,0,0,1,0,0,0,0,1,0,0,0,0,1,0,0,0,0,1,1,3,2,5,5,5,5,5,2,5,2,3,1,2,2,2,2,3,2,0,1,0,0,0,0
1,43,5,13,3,5,2,1,4,4,4,4,4,4,3,4,4,4,4,4,0,0,0,0,1,0,0,0,0,1,0,0,0,0,1,0,0,0,0,1,0,0,0,0,1,0,0,0,0,1,0,0,0,0,1,0,0,0,0,1,0,0,0,0,1,0,0,0,0,1,0,0,0,0,1,0,0,0,0,1,0,0,0,0,1,1,3,1,2,2,3,2,3,2,2,3,3,3,2,3,2,2,3,3,0,1,1,0,1,0
2,41,5,34,6,9,1,1,4,4,4,4,4,4,4,4,4,4,4,4,0,0,0,0,1,0,0,0,0,1,0,0,0,0,1,0,0,0,0,1,0,0,0,0,1,0,0,0,0,1,0,0,0,0,1,0,0,0,0,1,0,0,0,0,1,0,0,0,0,1,0,0,0,0,1,0,0,0,0,1,0,0,0,0,1,9,8,9,5,5,5,5,5,5,5,5,5,5,5,5,5,5,5,5,0,0,0,0,0,1
1,46,5,32,6,5,2,1,4,4,4,4,4,4,4,4,4,4,4,4,0,0,0,0,1,0,0,0,0,1,0,0,0,0,1,0,0,0,0,1,0,0,0,0,1,0,0,0,0,1,0,0,0,0,1,0,0,0,0,1,0,0,0,0,1,0,0,0,0,1,0,0,0,0,1,0,0,0,0,1,0,0,0,0,1,1,1,9,3,3,3,3,3,3,3,2,2,2,2,3,3,3,3,2,1,0,0,0,0,0
2,45,5,14,3,3,1,1,4,4,4,4,4,3,4,4,4,4,3,4,0,0,0,0,1,0,0,0,0,1,0,0,0,0,1,0,0,0,0,1,0,0,0,0,1,0,0,0,0,1,0,0,0,0,1,0,0,0,0,1,0,0,0,0,1,0,0,0,0,1,0,0,0,0,1,0,0,0,0,1,0,0,0,0,1,1,8,2,3,3,4,3,3,4,3,3,3,3,3,4,4,3,3,4,1,1,0,0,0,0
1,49,5,23,4,5,2,1,4,4,4,4,4,4,4,4,4,4,4,4,0,0,0,0,1,0,0,0,0,1,0,0,0,0,1,0,1,0,0,0,0,1,0,0,0,0,0,0,0,1,0,0,0,0,1,0,0,0,0,1,0,0,0,0,1,0,0,0,0,1,0,0,0,0,1,0,0,0,0,1,0,0,0,0,1,3,4,1,2,1,4,2,4,3,2,2,2,3,3,2,2,3,3,3,0,0,1,0,1,0
1,52,6,12,3,11,1,2,3,4,4,4,4,3,3,4,4,4,4,4,0,0,0,0,1,0,0,0,0,1,0,0,0,0,1,0,0,0,1,0,0,0,0,0,1,0,0,0,0,1,0,0,0,0,1,0,0,0,1,0,0,0,0,0,1,0,0,0,0,1,0,0,0,0,1,0,0,0,0,1,0,0,0,0,1,9,3,2,3,2,4,3,2,3,3,1,3,3,3,3,2,2,3,3,1,1,0,0,0,0
1,42,5,23,4,3,1,2,4,4,4,4,4,4,4,4,4,4,4,4,0,0,0,0,1,0,0,0,0,1,0,0,0,0,1,0,0,0,0,1,0,0,0,0,1,0,0,0,0,1,0,0,0,0,1,0,0,0,0,1,0,0,0,0,1,0,0,0,0,1,0,0,0,0,1,0,0,0,0,1,0,0,0,0,1,1,1,9,4,5,5,5,5,5,5,5,5,5,5,5,5,4,5,5,0,0,1,0,0,0
1,57,6,34,6,5,2,1,4,4,4,4,4,4,4,4,4,4,4,4,0,1,0,0,0,0,1,0,0,0,0,1,0,0,0,0,1,0,0,0,0,1,0,0,0,0,1,0,0,0,0,1,0,0,0,0,1,0,0,0,0,1,0,0,0,0,1,0,0,0,0,1,0,0,0,0,1,0,0,0,0,1,0,0,0,3,3,2,2,2,1,2,3,5,2,5,4,4,4,5,4,5,5,5,0,0,0,0,1,0
2,55,6,35,6,11,1,2,4,4,4,4,4,4,4,4,4,4,4,4,0,0,0,0,1,0,0,0,0,1,0,0,0,0,1,0,0,0,0,1,0,0,0,0,1,0,0,0,0,1,0,0,0,0,1,0,0,0,0,1,0,0,0,0,1,0,0,0,0,1,0,0,0,0,1,0,0,0,0,1,0,0,0,0,1,1,1,1,5,2,2,4,4,2,3,1,2,2,3,3,3,2,4,3,1,1,0,0,0,0
1,57,6,12,3,4,2,1,4,4,3,4,4,3,4,4,3,4,4,4,0,0,0,0,1,0,0,0,0,1,0,1,0,0,0,0,0,0,0,1,0,0,0,0,1,0,0,0,0,1,0,0,0,0,1,0,0,0,0,1,0,0,0,0,1,0,0,0,0,1,0,0,0,0,1,0,0,0,0,1,0,0,0,0,1,3,3,2,3,2,3,3,2,2,2,2,2,2,2,2,2,2,3,2,0,1,0,0,1,0
2,40,5,13,3,3,1,2,4,4,4,4,4,4,4,4,4,4,4,4,0,0,0,0,1,0,0,0,0,1,0,0,0,0,1,0,0,0,0,1,0,0,0,0,1,0,0,0,0,1,0,0,0,0,1,0,0,0,0,1,0,0,0,0,1,0,0,0,0,1,0,0,0,0,1,0,0,0,0,1,0,0,0,0,1,1,1,9,3,3,3,3,3,3,3,3,3,3,3,3,3,3,3,3,1,0,0,0,0,0
1,50,6,4,2,5,1,2,4,4,4,4,4,4,4,4,4,4,4,4,0,0,1,0,0,0,0,0,0,1,0,0,1,0,0,0,0,1,0,0,0,0,0,0,1,0,0,0,0,1,0,0,0,0,1,0,0,0,0,1,1,0,0,0,0,1,0,0,0,0,0,0,0,0,1,0,0,0,0,1,0,0,0,0,1,1,4,2,4,1,5,4,2,3,4,1,2,2,2,2,1,2,2,1,1,1,1,0,1,0
1,48,5,11,3,4,2,2,4,4,4,4,4,4,4,4,4,4,4,4,0,0,0,0,1,0,0,0,0,1,0,0,0,0,1,0,0,0,0,1,0,0,0,0,1,0,0,0,0,1,0,0,0,0,1,0,0,0,0,1,0,0,0,0,1,0,0,0,0,1,0,0,0,0,1,0,0,0,0,1,0,0,0,0,1,9,8,3,5,5,5,5,5,5,5,5,5,5,5,5,5,5,5,5,0,0,0,0,1,0
1,44,5,11,3,5,2,1,4,4,4,4,4,4,4,4,4,4,4,4,0,0,0,0,1,0,0,0,0,1,0,0,0,0,1,0,0,0,0,1,0,0,0,0,1,0,0,0,0,1,0,0,0,0,1,0,0,0,0,1,0,0,0,0,1,0,0,0,0,1,0,0,0,0,1,0,0,0,0,1,0,0,0,0,1,3,3,1,3,3,3,3,3,3,3,1,1,1,1,1,1,1,1,1,1,0,0,0,0,0
2,42,5,5,2,11,1,1,4,4,4,4,4,4,4,4,4,4,4,4,0,0,0,0,1,0,0,0,0,1,0,0,0,0,1,0,0,0,0,1,0,0,0,0,1,0,0,0,0,1,0,0,0,0,1,0,0,0,0,1,0,0,0,0,1,0,0,0,0,1,0,0,0,0,1,0,0,0,0,1,0,0,0,0,1,9,8,9,3,3,3,3,3,3,3,3,3,3,3,3,3,3,3,3,1,1,0,0,1,0
2,42,5,25,5,8,2,1,4,4,4,4,4,3,4,4,4,3,4,4,0,0,0,0,1,0,0,0,0,1,0,0,0,0,1,0,0,0,0,1,0,0,0,0,1,0,0,0,0,1,0,0,0,0,1,0,0,0,0,1,0,0,0,0,1,0,0,0,0,1,0,0,0,0,1,0,0,0,0,1,0,0,0,0,1,2,1,1,5,2,5,2,2,2,2,2,2,3,2,2,1,1,2,1,1,0,0,0,0,0
1,49,5,13,3,1,1,2,1,1,1,1,1,1,1,1,1,1,1,1,0,0,0,0,1,0,0,0,0,1,0,0,0,0,1,0,0,0,0,1,0,0,0,0,1,0,0,0,0,1,0,0,0,0,1,0,0,0,0,1,0,0,0,0,1,0,0,0,0,1,0,0,0,0,1,0,0,0,0,1,0,0,0,0,1,1,1,1,1,1,1,1,1,1,1,1,1,1,1,1,1,1,1,1,0,1,0,0,0,0
2,40,5,3,2,1,1,2,1,4,3,4,4,4,4,4,4,4,4,4,0,1,0,0,0,0,0,0,0,1,0,0,0,0,1,0,0,0,0,1,0,0,0,0,1,0,0,0,0,1,0,0,0,0,1,0,0,0,0,1,0,0,0,0,1,0,0,0,0,1,0,0,0,0,1,0,0,0,0,1,0,0,0,0,1,2,2,2,2,3,1,3,3,3,2,1,2,2,1,2,2,2,2,4,1,0,0,0,0,0
2,41,5,28,5,11,1,2,4,4,4,4,4,4,4,4,4,4,4,4,0,0,0,1,0,0,0,0,0,1,0,0,0,0,1,0,0,0,0,1,0,0,0,1,0,0,0,0,0,1,0,0,0,0,1,0,0,0,0,1,0,0,0,0,1,0,0,0,1,0,0,0,0,0,1,0,0,0,0,1,0,0,0,1,0,9,1,1,5,2,3,5,2,2,2,2,2,2,2,2,2,3,2,2,0,1,0,0,0,0
2,43,5,26,5,7,2,1,3,4,4,4,3,4,3,4,3,4,4,3,0,0,0,0,1,0,0,0,0,1,0,0,0,0,1,0,0,0,0,1,0,0,0,0,1,0,0,0,0,1,0,0,0,0,1,0,0,0,0,1,0,0,0,0,1,0,0,0,0,1,0,0,0,0,1,0,0,0,0,1,0,0,0,0,1,4,1,1,3,2,5,3,2,2,2,1,2,1,2,2,2,2,2,2,0,1,1,0,1,0
1,50,6,23,4,11,1,2,4,4,4,4,3,4,4,4,4,4,4,4,0,0,0,0,1,0,0,0,0,1,0,0,0,0,1,0,0,0,0,1,0,0,0,0,1,0,0,0,0,1,0,0,0,0,1,0,0,0,0,1,0,0,0,0,1,0,0,0,0,1,0,0,0,0,1,0,0,0,0,1,0,0,0,0,1,4,3,1,2,3,3,2,2,2,2,3,4,3,3,4,4,3,4,4,0,1,0,0,0,0
1,43,5,14,3,5,2,2,4,4,4,4,4,4,4,4,4,4,4,4,0,0,0,0,1,0,0,0,0,1,0,0,0,0,1,0,0,0,0,1,0,0,0,0,1,0,0,0,0,1,0,0,0,0,1,0,0,0,0,1,0,0,0,0,1,0,0,0,0,1,0,0,0,0,1,0,0,0,0,1,0,0,0,0,1,1,1,1,3,3,3,3,3,3,3,3,3,3,3,3,3,3,3,3,0,0,0,0,1,0
1,44,5,23,4,5,1,2,4,4,4,4,4,3,4,4,4,4,4,4,0,0,0,0,1,0,0,0,0,1,0,0,0,0,1,0,0,0,0,1,0,0,0,0,1,0,0,0,0,1,0,0,0,0,1,0,0,0,0,1,0,0,0,0,1,0,0,0,0,1,0,0,0,0,1,0,0,0,0,1,0,0,0,0,1,1,1,9,3,4,3,3,4,3,3,1,1,1,3,3,3,1,3,1,0,1,1,0,0,0
2,48,5,11,3,8,2,2,4,4,4,4,4,4,4,4,4,4,4,4,1,0,0,0,0,0,0,0,0,1,0,0,0,0,1,0,0,0,0,1,0,0,0,0,1,0,0,0,0,1,0,0,0,0,1,0,0,0,0,1,0,0,0,0,1,1,0,0,0,0,0,0,0,0,1,0,0,0,0,1,0,0,0,0,1,5,4,3,3,2,3,2,2,3,2,3,4,3,2,2,3,3,3,2,1,0,0,1,0,0
2,53,6,23,4,8,2,1,4,4,4,4,4,4,4,4,4,4,4,4,0,0,0,0,1,0,0,0,0,1,0,0,0,0,1,0,0,0,0,1,0,0,0,0,1,0,0,0,0,1,0,0,0,0,1,0,0,0,0,1,0,0,0,0,1,0,0,0,0,1,0,0,0,0,1,0,0,0,0,1,0,0,0,0,1,9,8,9,5,5,5,5,5,5,5,3,3,3,3,3,3,3,3,3,0,0,1,0,0,0
1,46,5,23,4,3,2,1,4,4,4,4,4,4,4,4,4,4,4,4,0,0,0,0,1,0,0,0,0,1,0,0,0,0,1,0,0,0,0,1,0,0,0,0,1,0,0,0,0,1,0,0,0,0,1,0,0,0,0,1,0,0,0,0,1,0,0,0,0,1,0,0,0,0,1,0,0,0,0,1,0,0,0,0,1,1,1,1,2,3,3,3,3,2,3,3,3,3,3,3,3,3,3,3,0,0,0,0,1,0
1,50,6,35,6,5,2,1,4,4,4,4,4,4,3,4,4,4,4,4,0,0,1,0,0,0,0,0,0,1,0,0,0,0,1,0,0,0,0,1,0,0,0,0,1,0,0,0,0,1,0,0,0,0,1,0,0,0,0,1,0,0,0,0,1,0,0,0,0,1,0,0,0,0,1,0,0,0,0,1,0,0,0,0,1,4,8,1,3,2,3,2,2,2,2,2,2,2,3,3,3,3,3,2,1,0,0,0,0,0
2,42,5,27,5,3,1,2,3,4,3,4,4,3,3,4,3,3,4,4,0,1,0,0,0,0,0,0,0,1,0,0,0,0,1,0,0,0,0,1,0,0,0,0,1,0,0,0,0,1,1,0,0,0,0,0,0,0,0,1,0,0,0,0,1,0,0,0,0,1,0,0,0,0,1,0,0,0,0,1,0,0,0,0,1,4,4,3,2,2,3,1,1,2,2,3,2,3,3,1,1,1,1,1,1,0,0,0,0,0
2,43,5,37,7,9,1,2,4,4,4,4,4,4,4,4,4,4,4,4,0,0,0,0,1,0,0,0,0,1,0,0,0,0,1,0,0,0,0,1,0,0,0,0,1,0,0,0,0,1,0,0,1,0,0,0,0,0,0,1,0,0,0,0,1,0,0,0,0,1,0,0,0,0,1,0,0,0,0,1,0,0,0,0,1,3,3,1,5,3,5,5,2,5,3,2,3,3,2,2,2,2,3,2,0,1,0,0,0,0
1,54,6,23,4,4,2,1,4,4,3,4,4,4,4,4,4,4,4,4,0,0,0,0,1,0,0,0,0,1,0,0,0,0,1,0,0,0,0,1,0,0,0,0,1,0,0,0,0,1,0,0,0,0,1,0,0,0,0,1,0,0,0,0,1,0,0,0,0,1,0,0,0,0,1,0,0,0,0,1,0,0,0,0,1,9,8,9,4,4,4,4,4,4,4,2,2,2,3,2,2,2,2,2,0,1,1,0,0,0
2,46,5,43,8,9,1,1,4,4,4,4,4,4,4,4,4,4,4,4,0,0,0,0,1,0,0,0,0,1,0,0,0,0,1,0,0,0,0,1,0,0,0,0,1,0,0,0,0,1,0,0,0,0,1,0,0,0,0,1,0,0,0,0,1,0,0,0,0,1,0,0,0,0,1,0,0,0,0,1,0,0,0,0,1,9,8,9,3,3,3,3,3,3,3,3,3,3,3,3,4,3,3,3,1,0,0,0,0,0
2,45,5,4,2,9,2,1,4,4,4,4,4,4,4,4,4,4,4,4,0,0,0,0,1,0,0,0,0,1,0,0,0,0,1,0,0,0,0,1,0,0,0,0,1,0,0,0,0,1,0,0,0,0,1,0,0,0,0,1,0,0,0,0,1,0,0,0,0,1,0,0,0,0,1,0,0,0,0,1,0,0,0,0,1,1,3,1,3,2,2,3,2,2,3,1,3,1,2,3,3,2,3,2,0,1,1,0,0,0
2,44,5,2,2,8,2,1,4,4,4,4,4,4,4,4,4,4,4,4,0,0,0,0,1,0,0,0,0,1,0,0,0,0,1,0,0,0,0,1,0,0,0,0,1,0,0,0,0,1,0,0,0,0,1,0,0,0,0,1,0,0,0,0,1,0,0,0,0,1,0,0,0,0,1,0,0,0,0,1,0,0,0,0,1,4,1,1,3,2,4,2,3,3,2,2,2,2,2,3,2,2,3,2,0,1,0,0,0,0
1,47,5,23,4,3,1,2,4,4,4,4,4,4,4,4,4,4,4,4,0,0,0,0,1,0,0,0,0,1,0,0,0,0,1,0,0,0,0,1,0,0,0,0,1,0,0,0,0,1,1,0,0,0,0,1,0,0,0,0,0,0,0,0,1,1,0,0,0,0,1,0,0,0,0,0,0,0,0,1,0,0,0,0,1,3,3,2,3,2,2,3,2,3,3,2,2,3,3,3,2,4,3,3,0,0,0,1,0,0
2,46,5,11,3,11,1,2,4,4,4,4,4,4,4,4,4,4,4,4,1,0,0,0,0,0,0,0,0,1,0,0,0,0,1,1,0,0,0,0,1,0,1,0,0,1,0,0,0,0,0,0,0,0,1,0,0,0,0,1,1,0,0,0,0,1,0,0,0,0,1,0,0,0,0,1,0,0,0,0,0,0,0,0,1,4,4,1,3,1,4,2,2,3,5,2,1,3,3,1,1,3,3,3,0,1,0,0,0,0
2,44,5,33,6,11,1,1,3,4,4,4,4,4,4,4,4,2,2,4,0,1,0,0,0,0,0,0,0,1,0,0,0,0,1,0,0,0,0,1,1,0,0,0,0,0,0,0,0,1,0,0,0,0,1,0,0,0,0,1,0,0,0,0,1,0,0,0,0,1,0,0,0,0,1,0,0,0,0,1,0,0,0,0,1,4,4,2,3,2,5,3,3,3,1,1,1,2,2,1,2,2,5,1,0,1,1,0,0,0
1,44,5,14,3,1,2,1,3,3,4,3,4,3,4,4,4,4,4,4,0,0,0,0,1,0,0,0,0,1,0,0,0,0,1,0,0,0,0,1,0,0,0,0,1,0,0,0,1,0,0,0,0,0,1,0,0,0,0,1,0,0,0,0,1,0,0,0,0,1,0,0,0,0,1,0,0,0,0,1,0,0,0,0,1,1,3,1,2,3,2,2,2,2,3,1,2,2,3,2,2,2,3,3,0,0,0,1,0,0
2,57,6,27,5,8,2,1,3,4,3,3,4,3,3,4,4,4,4,4,0,1,1,0,0,0,0,0,1,0,0,0,1,1,0,0,1,0,0,0,0,0,0,0,1,0,0,0,0,1,0,0,1,0,0,0,0,0,0,1,0,0,1,0,0,0,0,0,0,1,0,0,0,1,0,0,0,0,0,1,0,0,0,0,1,4,8,1,3,1,3,3,3,3,2,1,1,1,3,1,1,1,3,1,0,0,1,0,0,0
1,57,6,46,8,6,2,1,4,4,4,4,4,4,4,4,4,4,4,4,0,0,0,0,1,0,0,0,0,1,0,0,0,0,1,0,0,0,0,1,0,0,0,0,1,0,0,0,0,1,0,0,0,0,1,0,0,0,0,1,0,0,0,0,1,0,0,0,0,1,0,0,0,0,1,0,0,0,0,1,0,0,0,0,1,9,8,9,3,3,3,3,3,3,3,3,3,3,3,3,3,3,3,3,0,0,0,0,1,0
2,48,5,35,6,3,1,1,3,4,4,4,4,4,3,4,4,4,4,4,1,0,0,0,0,0,0,0,0,1,0,0,0,0,1,0,0,0,0,1,1,0,0,0,0,1,0,0,0,0,0,0,0,0,1,0,0,0,0,1,0,0,0,0,1,0,0,0,0,1,0,0,0,0,1,0,0,0,0,1,0,0,0,0,1,4,3,2,4,2,4,2,2,2,2,1,2,2,2,2,1,2,2,2,1,0,0,0,0,0
2,50,6,8,3,9,2,1,4,4,4,4,4,4,4,4,4,4,4,4,0,0,0,0,1,0,0,0,0,1,0,0,0,0,1,0,0,0,0,1,0,0,0,0,1,0,0,0,0,1,0,0,0,0,1,0,0,0,0,1,0,0,0,0,1,0,0,0,0,1,0,0,0,0,1,0,0,0,0,1,0,0,0,0,1,9,8,9,5,5,5,5,5,5,5,5,5,5,5,5,5,5,5,5,0,0,1,0,0,0